"Survey_Start_Time","Study_Area","Plot_ID","easting","northing","elev_ellipsoidal","lon","lat","plot_type","cardinal_direction","sample_type","multi_core","depth","core","plug","mass","SWE","density"
2021-04-07 14:46:00,"Cruickshank","CRU_CAM3",330745.787,5503356.824,981.427,-125.34523246,49.65898212,"Camera + Snow Stakes",NA,"Depth",NA,245,NA,NA,NA,NA,NA
2021-04-07 14:46:00,"Cruickshank","CRU_CAM3",330745.787,5503356.824,981.427,-125.34523246,49.65898212,"Camera + Snow Stakes",NA,"Depth",NA,245,NA,NA,NA,NA,NA
2021-04-07 14:46:00,"Cruickshank","CRU_CAM3",330745.787,5503356.824,981.427,-125.34523246,49.65898212,"Camera + Snow Stakes",NA,"Depth",NA,243,NA,NA,NA,NA,NA
2021-04-07 14:46:00,"Cruickshank","CRU_CAM3",330745.787,5503356.824,981.427,-125.34523246,49.65898212,"Camera + Snow Stakes",NA,"Depth",NA,241,NA,NA,NA,NA,NA
2021-04-07 14:46:00,"Cruickshank","CRU_CAM3",330745.787,5503356.824,981.427,-125.34523246,49.65898212,"Camera + Snow Stakes",NA,"Depth",NA,255,NA,NA,NA,NA,NA
2021-04-09 13:31:00,"Cruickshank","CRU_S4F",328998.829,5504069.787,1210.398,-125.3697284,49.66489681,"Cardinal 10 m","Centre","Density","no",324,190,0,1050,75.7880681389928,0.233913790552447
2021-04-09 13:31:00,"Cruickshank","CRU_S4F",328998.829,5504069.787,1210.398,-125.3697284,49.66489681,"Cardinal 10 m","S","Density","no",345,303,2,1560,112.599415520789,0.328278179360902
2021-04-09 13:31:00,"Cruickshank","CRU_S4F",328998.829,5504069.787,1210.398,-125.3697284,49.66489681,"Cardinal 10 m","S","Depth",NA,340,NA,NA,NA,NA,NA
2021-04-09 13:31:00,"Cruickshank","CRU_S4F",328998.829,5504069.787,1210.398,-125.3697284,49.66489681,"Cardinal 10 m","S","Depth",NA,282,NA,NA,NA,NA,NA
2021-04-09 13:31:00,"Cruickshank","CRU_S4F",328998.829,5504069.787,1210.398,-125.3697284,49.66489681,"Cardinal 10 m","S","Depth",NA,332,NA,NA,NA,NA,NA
2021-04-09 13:31:00,"Cruickshank","CRU_S4F",328998.829,5504069.787,1210.398,-125.3697284,49.66489681,"Cardinal 10 m","E","Density","no",314,271,4,1380,99.6071752683905,0.321313468607711
2021-04-09 13:31:00,"Cruickshank","CRU_S4F",328998.829,5504069.787,1210.398,-125.3697284,49.66489681,"Cardinal 10 m","E","Depth",NA,317,NA,NA,NA,NA,NA
2021-04-09 13:31:00,"Cruickshank","CRU_S4F",328998.829,5504069.787,1210.398,-125.3697284,49.66489681,"Cardinal 10 m","E","Depth",NA,300,NA,NA,NA,NA,NA
2021-04-09 13:31:00,"Cruickshank","CRU_S4F",328998.829,5504069.787,1210.398,-125.3697284,49.66489681,"Cardinal 10 m","E","Depth",NA,307,NA,NA,NA,NA,NA
2021-04-09 13:31:00,"Cruickshank","CRU_S4F",328998.829,5504069.787,1210.398,-125.3697284,49.66489681,"Cardinal 10 m","N","Density","no",268,209,14,990,71.4573213881932,0.281328036961391
2021-04-09 13:31:00,"Cruickshank","CRU_S4F",328998.829,5504069.787,1210.398,-125.3697284,49.66489681,"Cardinal 10 m","N","Depth",NA,282,NA,NA,NA,NA,NA
2021-04-09 13:31:00,"Cruickshank","CRU_S4F",328998.829,5504069.787,1210.398,-125.3697284,49.66489681,"Cardinal 10 m","N","Depth",NA,307,NA,NA,NA,NA,NA
2021-04-09 13:31:00,"Cruickshank","CRU_S4F",328998.829,5504069.787,1210.398,-125.3697284,49.66489681,"Cardinal 10 m","N","Depth",NA,342,NA,NA,NA,NA,NA
2021-04-09 13:31:00,"Cruickshank","CRU_S4F",328998.829,5504069.787,1210.398,-125.3697284,49.66489681,"Cardinal 10 m","W","Density","no",250,288,0,1540,111.155833270523,0.444623333082091
2021-04-09 13:31:00,"Cruickshank","CRU_S4F",328998.829,5504069.787,1210.398,-125.3697284,49.66489681,"Cardinal 10 m","W","Depth",NA,332,NA,NA,NA,NA,NA
2021-04-09 13:31:00,"Cruickshank","CRU_S4F",328998.829,5504069.787,1210.398,-125.3697284,49.66489681,"Cardinal 10 m","W","Depth",NA,362,NA,NA,NA,NA,NA
2021-04-09 13:31:00,"Cruickshank","CRU_S4F",328998.829,5504069.787,1210.398,-125.3697284,49.66489681,"Cardinal 10 m","W","Depth",NA,297,NA,NA,NA,NA,NA
2021-04-09 10:52:00,"Cruickshank","CRU_S2F",328740.519,5504647.014,1437.473,-125.37355734,49.67001098,"Cardinal 10 m","Centre","Density","no",341,247,5,1020,73.622694763593,0.219115162986884
2021-04-09 10:52:00,"Cruickshank","CRU_S2F",328740.519,5504647.014,1437.473,-125.37355734,49.67001098,"Cardinal 10 m","W","Density","no",371,360,3,1560,112.599415520789,0.30597667261084
2021-04-09 10:52:00,"Cruickshank","CRU_S2F",328740.519,5504647.014,1437.473,-125.37355734,49.67001098,"Cardinal 10 m","W","Depth",NA,344,NA,NA,NA,NA,NA
2021-04-09 10:52:00,"Cruickshank","CRU_S2F",328740.519,5504647.014,1437.473,-125.37355734,49.67001098,"Cardinal 10 m","W","Depth",NA,322,NA,NA,NA,NA,NA
2021-04-09 10:52:00,"Cruickshank","CRU_S2F",328740.519,5504647.014,1437.473,-125.37355734,49.67001098,"Cardinal 10 m","W","Depth",NA,345,NA,NA,NA,NA,NA
2021-04-09 10:52:00,"Cruickshank","CRU_S2F",328740.519,5504647.014,1437.473,-125.37355734,49.67001098,"Cardinal 10 m","N","Density","no",331,283,0,1490,107.546877644856,0.324915038201983
2021-04-09 10:52:00,"Cruickshank","CRU_S2F",328740.519,5504647.014,1437.473,-125.37355734,49.67001098,"Cardinal 10 m","N","Depth",NA,348,NA,NA,NA,NA,NA
2021-04-09 10:52:00,"Cruickshank","CRU_S2F",328740.519,5504647.014,1437.473,-125.37355734,49.67001098,"Cardinal 10 m","N","Depth",NA,341,NA,NA,NA,NA,NA
2021-04-09 10:52:00,"Cruickshank","CRU_S2F",328740.519,5504647.014,1437.473,-125.37355734,49.67001098,"Cardinal 10 m","N","Depth",NA,363,NA,NA,NA,NA,NA
2021-04-09 10:52:00,"Cruickshank","CRU_S2F",328740.519,5504647.014,1437.473,-125.37355734,49.67001098,"Cardinal 10 m","S","Density","no",352,200,2,1050,75.7880681389928,0.216537337539979
2021-04-09 10:52:00,"Cruickshank","CRU_S2F",328740.519,5504647.014,1437.473,-125.37355734,49.67001098,"Cardinal 10 m","S","Depth",NA,306,NA,NA,NA,NA,NA
2021-04-09 10:52:00,"Cruickshank","CRU_S2F",328740.519,5504647.014,1437.473,-125.37355734,49.67001098,"Cardinal 10 m","S","Depth",NA,296,NA,NA,NA,NA,NA
2021-04-09 10:52:00,"Cruickshank","CRU_S2F",328740.519,5504647.014,1437.473,-125.37355734,49.67001098,"Cardinal 10 m","S","Depth",NA,306,NA,NA,NA,NA,NA
2021-04-09 10:52:00,"Cruickshank","CRU_S2F",328740.519,5504647.014,1437.473,-125.37355734,49.67001098,"Cardinal 10 m","E","Density","no",221,39,0,140,10.1050757518657,0.0457243246690756
2021-04-09 10:52:00,"Cruickshank","CRU_S2F",328740.519,5504647.014,1437.473,-125.37355734,49.67001098,"Cardinal 10 m","E","Depth",NA,340,NA,NA,NA,NA,NA
2021-04-09 10:52:00,"Cruickshank","CRU_S2F",328740.519,5504647.014,1437.473,-125.37355734,49.67001098,"Cardinal 10 m","E","Depth",NA,310,NA,NA,NA,NA,NA
2021-04-09 10:52:00,"Cruickshank","CRU_S2F",328740.519,5504647.014,1437.473,-125.37355734,49.67001098,"Cardinal 10 m","E","Depth",NA,295,NA,NA,NA,NA,NA
2021-04-09 14:44:00,"Cruickshank","CRU_S5O",329405.455,5503819.632,1121.618,-125.36398946,49.66276383,"Cardinal 10 m","Centre","Density","no",297,177,1,1320,95.2764285175909,0.321879826072942
2021-04-09 14:44:00,"Cruickshank","CRU_S5O",329405.455,5503819.632,1121.618,-125.36398946,49.66276383,"Cardinal 10 m","S","Depth",NA,283,NA,NA,NA,NA,NA
2021-04-09 14:44:00,"Cruickshank","CRU_S5O",329405.455,5503819.632,1121.618,-125.36398946,49.66276383,"Cardinal 10 m","S","Depth",NA,286,NA,NA,NA,NA,NA
2021-04-09 14:44:00,"Cruickshank","CRU_S5O",329405.455,5503819.632,1121.618,-125.36398946,49.66276383,"Cardinal 10 m","S","Depth",NA,285,NA,NA,NA,NA,NA
2021-04-09 14:44:00,"Cruickshank","CRU_S5O",329405.455,5503819.632,1121.618,-125.36398946,49.66276383,"Cardinal 10 m","S","Depth",NA,332,NA,NA,NA,NA,NA
2021-04-09 14:44:00,"Cruickshank","CRU_S5O",329405.455,5503819.632,1121.618,-125.36398946,49.66276383,"Cardinal 10 m","S","Density","no",277,262,0,1310,94.5546373924577,0.341352481561219
2021-04-09 14:44:00,"Cruickshank","CRU_S5O",329405.455,5503819.632,1121.618,-125.36398946,49.66276383,"Cardinal 10 m","E","Depth",NA,281,NA,NA,NA,NA,NA
2021-04-09 14:44:00,"Cruickshank","CRU_S5O",329405.455,5503819.632,1121.618,-125.36398946,49.66276383,"Cardinal 10 m","E","Depth",NA,233,NA,NA,NA,NA,NA
2021-04-09 14:44:00,"Cruickshank","CRU_S5O",329405.455,5503819.632,1121.618,-125.36398946,49.66276383,"Cardinal 10 m","E","Depth",NA,300,NA,NA,NA,NA,NA
2021-04-09 14:44:00,"Cruickshank","CRU_S5O",329405.455,5503819.632,1121.618,-125.36398946,49.66276383,"Cardinal 10 m","E","Depth",NA,317,NA,NA,NA,NA,NA
2021-04-09 14:44:00,"Cruickshank","CRU_S5O",329405.455,5503819.632,1121.618,-125.36398946,49.66276383,"Cardinal 10 m","W","Depth",NA,300,NA,NA,NA,NA,NA
2021-04-09 14:44:00,"Cruickshank","CRU_S5O",329405.455,5503819.632,1121.618,-125.36398946,49.66276383,"Cardinal 10 m","W","Depth",NA,302,NA,NA,NA,NA,NA
2021-04-09 14:44:00,"Cruickshank","CRU_S5O",329405.455,5503819.632,1121.618,-125.36398946,49.66276383,"Cardinal 10 m","W","Depth",NA,227,NA,NA,NA,NA,NA
2021-04-09 14:44:00,"Cruickshank","CRU_S5O",329405.455,5503819.632,1121.618,-125.36398946,49.66276383,"Cardinal 10 m","W","Depth",NA,230,NA,NA,NA,NA,NA
2021-04-09 14:44:00,"Cruickshank","CRU_S5O",329405.455,5503819.632,1121.618,-125.36398946,49.66276383,"Cardinal 10 m","W","Density","no",298,270,NA,1530,110.434042145389,NA
2021-04-09 14:44:00,"Cruickshank","CRU_S5O",329405.455,5503819.632,1121.618,-125.36398946,49.66276383,"Cardinal 10 m","E","Density","no",293,257,0,1350,97.4418018929907,0.332565876767886
2021-04-09 14:44:00,"Cruickshank","CRU_S5O",329405.455,5503819.632,1121.618,-125.36398946,49.66276383,"Cardinal 10 m","N","Depth",NA,337,NA,NA,NA,NA,NA
2021-04-09 14:44:00,"Cruickshank","CRU_S5O",329405.455,5503819.632,1121.618,-125.36398946,49.66276383,"Cardinal 10 m","N","Depth",NA,338,NA,NA,NA,NA,NA
2021-04-09 14:44:00,"Cruickshank","CRU_S5O",329405.455,5503819.632,1121.618,-125.36398946,49.66276383,"Cardinal 10 m","N","Depth",NA,324,NA,NA,NA,NA,NA
2021-04-09 14:44:00,"Cruickshank","CRU_S5O",329405.455,5503819.632,1121.618,-125.36398946,49.66276383,"Cardinal 10 m","N","Density","no",306,278,NA,1570,113.321206645923,NA
2021-04-09 12:14:00,"Cruickshank","CRU_S3F",328738.669,5504269.633,1312.464,-125.37341785,49.66661899,"Cardinal 10 m","N","Depth",NA,374,NA,NA,NA,NA,NA
2021-04-09 12:14:00,"Cruickshank","CRU_S3F",328738.669,5504269.633,1312.464,-125.37341785,49.66661899,"Cardinal 10 m","N","Depth",NA,348,NA,NA,NA,NA,NA
2021-04-09 12:14:00,"Cruickshank","CRU_S3F",328738.669,5504269.633,1312.464,-125.37341785,49.66661899,"Cardinal 10 m","N","Depth",NA,382,NA,NA,NA,NA,NA
2021-04-09 12:14:00,"Cruickshank","CRU_S3F",328738.669,5504269.633,1312.464,-125.37341785,49.66661899,"Cardinal 10 m","N","Depth",NA,342,NA,NA,NA,NA,NA
2021-04-09 12:14:00,"Cruickshank","CRU_S3F",328738.669,5504269.633,1312.464,-125.37341785,49.66661899,"Cardinal 10 m","Centre","Density","no",392,325,3,1630,117.651953396722,0.302447180968437
2021-04-09 12:14:00,"Cruickshank","CRU_S3F",328738.669,5504269.633,1312.464,-125.37341785,49.66661899,"Cardinal 10 m","W","Depth",NA,370,NA,NA,NA,NA,NA
2021-04-09 12:14:00,"Cruickshank","CRU_S3F",328738.669,5504269.633,1312.464,-125.37341785,49.66661899,"Cardinal 10 m","W","Depth",NA,324,NA,NA,NA,NA,NA
2021-04-09 12:14:00,"Cruickshank","CRU_S3F",328738.669,5504269.633,1312.464,-125.37341785,49.66661899,"Cardinal 10 m","W","Depth",NA,356,NA,NA,NA,NA,NA
2021-04-09 12:14:00,"Cruickshank","CRU_S3F",328738.669,5504269.633,1312.464,-125.37341785,49.66661899,"Cardinal 10 m","W","Depth",NA,296,NA,NA,NA,NA,NA
2021-04-09 12:14:00,"Cruickshank","CRU_S3F",328738.669,5504269.633,1312.464,-125.37341785,49.66661899,"Cardinal 10 m","E","Depth",NA,354,NA,NA,NA,NA,NA
2021-04-09 12:14:00,"Cruickshank","CRU_S3F",328738.669,5504269.633,1312.464,-125.37341785,49.66661899,"Cardinal 10 m","W","Density","no",422,312,2,1510,108.990459895123,0.259501094988388
2021-04-09 12:14:00,"Cruickshank","CRU_S3F",328738.669,5504269.633,1312.464,-125.37341785,49.66661899,"Cardinal 10 m","E","Depth",NA,359,NA,NA,NA,NA,NA
2021-04-09 12:14:00,"Cruickshank","CRU_S3F",328738.669,5504269.633,1312.464,-125.37341785,49.66661899,"Cardinal 10 m","E","Depth",NA,294,NA,NA,NA,NA,NA
2021-04-09 12:14:00,"Cruickshank","CRU_S3F",328738.669,5504269.633,1312.464,-125.37341785,49.66661899,"Cardinal 10 m","E","Depth",NA,369,NA,NA,NA,NA,NA
2021-04-09 12:14:00,"Cruickshank","CRU_S3F",328738.669,5504269.633,1312.464,-125.37341785,49.66661899,"Cardinal 10 m","S","Depth",NA,334,NA,NA,NA,NA,NA
2021-04-09 12:14:00,"Cruickshank","CRU_S3F",328738.669,5504269.633,1312.464,-125.37341785,49.66661899,"Cardinal 10 m","E","Density","no",386,305,1,1600,115.486580021322,0.299965142912526
2021-04-09 12:14:00,"Cruickshank","CRU_S3F",328738.669,5504269.633,1312.464,-125.37341785,49.66661899,"Cardinal 10 m","S","Density","no",400,195,3,1230,88.7803083913916,0.223627980834739
2021-04-09 12:14:00,"Cruickshank","CRU_S3F",328738.669,5504269.633,1312.464,-125.37341785,49.66661899,"Cardinal 10 m","S","Depth",NA,344,NA,NA,NA,NA,NA
2021-04-09 12:14:00,"Cruickshank","CRU_S3F",328738.669,5504269.633,1312.464,-125.37341785,49.66661899,"Cardinal 10 m","S","Depth",NA,388,NA,NA,NA,NA,NA
2021-04-09 12:14:00,"Cruickshank","CRU_S3F",328738.669,5504269.633,1312.464,-125.37341785,49.66661899,"Cardinal 10 m","N","Density","no",318,296,4,980,70.7355302630599,0.225272389372802
2021-04-06 13:12:00,"Cruickshank","CRU_S1A",327847.361,5504164.581,1606.868,-125.38571254,49.66542118,"Cardinal 10 m","N","Depth",NA,240,NA,NA,NA,NA,NA
2021-04-06 13:12:00,"Cruickshank","CRU_S1A",327847.361,5504164.581,1606.868,-125.38571254,49.66542118,"Cardinal 10 m","N","Depth",NA,245,NA,NA,NA,NA,NA
2021-04-06 13:12:00,"Cruickshank","CRU_S1A",327847.361,5504164.581,1606.868,-125.38571254,49.66542118,"Cardinal 10 m","N","Depth",NA,297,NA,NA,NA,NA,NA
2021-04-06 13:12:00,"Cruickshank","CRU_S1A",327847.361,5504164.581,1606.868,-125.38571254,49.66542118,"Cardinal 10 m","N","Depth",NA,303,NA,NA,NA,NA,NA
2021-04-06 13:12:00,"Cruickshank","CRU_S1A",327847.361,5504164.581,1606.868,-125.38571254,49.66542118,"Cardinal 10 m","E","Depth",NA,220,NA,NA,NA,NA,NA
2021-04-06 13:12:00,"Cruickshank","CRU_S1A",327847.361,5504164.581,1606.868,-125.38571254,49.66542118,"Cardinal 10 m","E","Depth",NA,290,NA,NA,NA,NA,NA
2021-04-06 13:12:00,"Cruickshank","CRU_S1A",327847.361,5504164.581,1606.868,-125.38571254,49.66542118,"Cardinal 10 m","E","Depth",NA,206,NA,NA,NA,NA,NA
2021-04-06 13:12:00,"Cruickshank","CRU_S1A",327847.361,5504164.581,1606.868,-125.38571254,49.66542118,"Cardinal 10 m","E","Depth",NA,232,NA,NA,NA,NA,NA
2021-04-06 13:12:00,"Cruickshank","CRU_S1A",327847.361,5504164.581,1606.868,-125.38571254,49.66542118,"Cardinal 10 m","N","Density","no",255,246,0,1180,85.1713527657252,0.334005304963628
2021-04-06 13:12:00,"Cruickshank","CRU_S1A",327847.361,5504164.581,1606.868,-125.38571254,49.66542118,"Cardinal 10 m","W","Depth",NA,355,NA,NA,NA,NA,NA
2021-04-06 13:12:00,"Cruickshank","CRU_S1A",327847.361,5504164.581,1606.868,-125.38571254,49.66542118,"Cardinal 10 m","W","Depth",NA,303,NA,NA,NA,NA,NA
2021-04-06 13:12:00,"Cruickshank","CRU_S1A",327847.361,5504164.581,1606.868,-125.38571254,49.66542118,"Cardinal 10 m","W","Depth",NA,264,NA,NA,NA,NA,NA
2021-04-06 13:12:00,"Cruickshank","CRU_S1A",327847.361,5504164.581,1606.868,-125.38571254,49.66542118,"Cardinal 10 m","W","Depth",NA,234,NA,NA,NA,NA,NA
2021-04-06 13:12:00,"Cruickshank","CRU_S1A",327847.361,5504164.581,1606.868,-125.38571254,49.66542118,"Cardinal 10 m","E","Density","no",154,147,1,500,36.0895562566632,0.23587945265793
2021-04-06 13:12:00,"Cruickshank","CRU_S1A",327847.361,5504164.581,1606.868,-125.38571254,49.66542118,"Cardinal 10 m","S","Depth",NA,329,NA,NA,NA,NA,NA
2021-04-06 13:12:00,"Cruickshank","CRU_S1A",327847.361,5504164.581,1606.868,-125.38571254,49.66542118,"Cardinal 10 m","S","Depth",NA,349,NA,NA,NA,NA,NA
2021-04-06 13:12:00,"Cruickshank","CRU_S1A",327847.361,5504164.581,1606.868,-125.38571254,49.66542118,"Cardinal 10 m","S","Depth",NA,257,NA,NA,NA,NA,NA
2021-04-06 13:12:00,"Cruickshank","CRU_S1A",327847.361,5504164.581,1606.868,-125.38571254,49.66542118,"Cardinal 10 m","S","Depth",NA,209,NA,NA,NA,NA,NA
2021-04-06 13:12:00,"Cruickshank","CRU_S1A",327847.361,5504164.581,1606.868,-125.38571254,49.66542118,"Cardinal 10 m","S","Density","no",325,315,0,1580,114.042997771056,0.350901531603249
2021-04-05 16:15:00,"Cruickshank","CRU_WX_CAM",329597.714,5504521.572,1362.654,-125.36163317,49.66912646,"Camera + Snow Stakes",NA,"Depth",NA,403,NA,NA,NA,NA,NA
2021-04-05 16:15:00,"Cruickshank","CRU_WX_CAM",329597.714,5504521.572,1362.654,-125.36163317,49.66912646,"Camera + Snow Stakes",NA,"Depth",NA,419,NA,NA,NA,NA,NA
2021-04-05 16:15:00,"Cruickshank","CRU_WX_CAM",329597.714,5504521.572,1362.654,-125.36163317,49.66912646,"Camera + Snow Stakes",NA,"Depth",NA,398,NA,NA,NA,NA,NA
2021-04-05 16:15:00,"Cruickshank","CRU_WX_CAM",329597.714,5504521.572,1362.654,-125.36163317,49.66912646,"Camera + Snow Stakes",NA,"Depth",NA,395,NA,NA,NA,NA,NA
2021-04-05 16:15:00,"Cruickshank","CRU_WX_CAM",329597.714,5504521.572,1362.654,-125.36163317,49.66912646,"Camera + Snow Stakes",NA,"Depth",NA,427,NA,NA,NA,NA,NA
2021-04-07 13:18:00,"Cruickshank","CRU_CAM2",330643.33,5503665.223,1015.715,-125.34678424,49.66172496,"Camera + Snow Stakes",NA,"Depth",NA,302,NA,NA,NA,NA,NA
2021-04-07 13:18:00,"Cruickshank","CRU_CAM2",330643.33,5503665.223,1015.715,-125.34678424,49.66172496,"Camera + Snow Stakes",NA,"Depth",NA,301,NA,NA,NA,NA,NA
2021-04-07 13:18:00,"Cruickshank","CRU_CAM2",330643.33,5503665.223,1015.715,-125.34678424,49.66172496,"Camera + Snow Stakes",NA,"Depth",NA,317,NA,NA,NA,NA,NA
2021-04-07 13:18:00,"Cruickshank","CRU_CAM2",330643.33,5503665.223,1015.715,-125.34678424,49.66172496,"Camera + Snow Stakes",NA,"Depth",NA,288,NA,NA,NA,NA,NA
2021-04-07 13:18:00,"Cruickshank","CRU_CAM2",330643.33,5503665.223,1015.715,-125.34678424,49.66172496,"Camera + Snow Stakes",NA,"Depth",NA,287,NA,NA,NA,NA,NA
2021-04-06 09:57:00,"Cruickshank","CRU_N3O",328983.599,5504640.86,1414.102,-125.37018874,49.67002466,"Cardinal 10 m","W","Depth",NA,445,NA,NA,NA,NA,NA
2021-04-06 09:57:00,"Cruickshank","CRU_N3O",328983.599,5504640.86,1414.102,-125.37018874,49.67002466,"Cardinal 10 m","W","Depth",NA,460,NA,NA,NA,NA,NA
2021-04-06 09:57:00,"Cruickshank","CRU_N3O",328983.599,5504640.86,1414.102,-125.37018874,49.67002466,"Cardinal 10 m","W","Depth",NA,410,NA,NA,NA,NA,NA
2021-04-06 09:57:00,"Cruickshank","CRU_N3O",328983.599,5504640.86,1414.102,-125.37018874,49.67002466,"Cardinal 10 m","W","Depth",NA,380,NA,NA,NA,NA,NA
2021-04-06 09:57:00,"Cruickshank","CRU_N3O",328983.599,5504640.86,1414.102,-125.37018874,49.67002466,"Cardinal 10 m","S","Depth",NA,432,NA,NA,NA,NA,NA
2021-04-06 09:57:00,"Cruickshank","CRU_N3O",328983.599,5504640.86,1414.102,-125.37018874,49.67002466,"Cardinal 10 m","S","Depth",NA,431,NA,NA,NA,NA,NA
2021-04-06 09:57:00,"Cruickshank","CRU_N3O",328983.599,5504640.86,1414.102,-125.37018874,49.67002466,"Cardinal 10 m","S","Depth",NA,429,NA,NA,NA,NA,NA
2021-04-06 09:57:00,"Cruickshank","CRU_N3O",328983.599,5504640.86,1414.102,-125.37018874,49.67002466,"Cardinal 10 m","S","Depth",NA,420,NA,NA,NA,NA,NA
2021-04-06 09:57:00,"Cruickshank","CRU_N3O",328983.599,5504640.86,1414.102,-125.37018874,49.67002466,"Cardinal 10 m","E","Depth",NA,305,NA,NA,NA,NA,NA
2021-04-06 09:57:00,"Cruickshank","CRU_N3O",328983.599,5504640.86,1414.102,-125.37018874,49.67002466,"Cardinal 10 m","E","Depth",NA,350,NA,NA,NA,NA,NA
2021-04-06 09:57:00,"Cruickshank","CRU_N3O",328983.599,5504640.86,1414.102,-125.37018874,49.67002466,"Cardinal 10 m","E","Depth",NA,374,NA,NA,NA,NA,NA
2021-04-06 09:57:00,"Cruickshank","CRU_N3O",328983.599,5504640.86,1414.102,-125.37018874,49.67002466,"Cardinal 10 m","E","Depth",NA,411,NA,NA,NA,NA,NA
2021-04-06 09:57:00,"Cruickshank","CRU_N3O",328983.599,5504640.86,1414.102,-125.37018874,49.67002466,"Cardinal 10 m","N","Depth",NA,333,NA,NA,NA,NA,NA
2021-04-06 09:57:00,"Cruickshank","CRU_N3O",328983.599,5504640.86,1414.102,-125.37018874,49.67002466,"Cardinal 10 m","N","Depth",NA,368,NA,NA,NA,NA,NA
2021-04-06 09:57:00,"Cruickshank","CRU_N3O",328983.599,5504640.86,1414.102,-125.37018874,49.67002466,"Cardinal 10 m","N","Depth",NA,447,NA,NA,NA,NA,NA
2021-04-06 09:57:00,"Cruickshank","CRU_N3O",328983.599,5504640.86,1414.102,-125.37018874,49.67002466,"Cardinal 10 m","N","Depth",NA,441,NA,NA,NA,NA,NA
2021-04-06 12:00:00,"Cruickshank","CRU_N1A",328013.67,5504526.078,1582.781,-125.38356873,49.66871731,"Cardinal 10 m","Centre","Density","no",223,190,NA,290,20.9319426288647,NA
2021-04-06 12:00:00,"Cruickshank","CRU_N1A",328013.67,5504526.078,1582.781,-125.38356873,49.66871731,"Cardinal 10 m","N","Depth",NA,133,NA,NA,NA,NA,NA
2021-04-06 12:00:00,"Cruickshank","CRU_N1A",328013.67,5504526.078,1582.781,-125.38356873,49.66871731,"Cardinal 10 m","N","Depth",NA,131,NA,NA,NA,NA,NA
2021-04-06 12:00:00,"Cruickshank","CRU_N1A",328013.67,5504526.078,1582.781,-125.38356873,49.66871731,"Cardinal 10 m","N","Depth",NA,141,NA,NA,NA,NA,NA
2021-04-06 12:00:00,"Cruickshank","CRU_N1A",328013.67,5504526.078,1582.781,-125.38356873,49.66871731,"Cardinal 10 m","N","Depth",NA,191,NA,NA,NA,NA,NA
2021-04-06 12:00:00,"Cruickshank","CRU_N1A",328013.67,5504526.078,1582.781,-125.38356873,49.66871731,"Cardinal 10 m","N","Density","no",133,123,0.1,260,18.7665692534649,0.14120819603811
2021-04-06 12:00:00,"Cruickshank","CRU_N1A",328013.67,5504526.078,1582.781,-125.38356873,49.66871731,"Cardinal 10 m","W","Depth",NA,313,NA,NA,NA,NA,NA
2021-04-06 12:00:00,"Cruickshank","CRU_N1A",328013.67,5504526.078,1582.781,-125.38356873,49.66871731,"Cardinal 10 m","W","Depth",NA,319,NA,NA,NA,NA,NA
2021-04-06 12:00:00,"Cruickshank","CRU_N1A",328013.67,5504526.078,1582.781,-125.38356873,49.66871731,"Cardinal 10 m","W","Depth",NA,302,NA,NA,NA,NA,NA
2021-04-06 12:00:00,"Cruickshank","CRU_N1A",328013.67,5504526.078,1582.781,-125.38356873,49.66871731,"Cardinal 10 m","W","Depth",NA,279,NA,NA,NA,NA,NA
2021-04-06 12:00:00,"Cruickshank","CRU_N1A",328013.67,5504526.078,1582.781,-125.38356873,49.66871731,"Cardinal 10 m","S","Depth",NA,258,NA,NA,NA,NA,NA
2021-04-06 12:00:00,"Cruickshank","CRU_N1A",328013.67,5504526.078,1582.781,-125.38356873,49.66871731,"Cardinal 10 m","S","Depth",NA,280,NA,NA,NA,NA,NA
2021-04-06 12:00:00,"Cruickshank","CRU_N1A",328013.67,5504526.078,1582.781,-125.38356873,49.66871731,"Cardinal 10 m","S","Depth",NA,248,NA,NA,NA,NA,NA
2021-04-06 12:00:00,"Cruickshank","CRU_N1A",328013.67,5504526.078,1582.781,-125.38356873,49.66871731,"Cardinal 10 m","S","Depth",NA,241,NA,NA,NA,NA,NA
2021-04-06 12:00:00,"Cruickshank","CRU_N1A",328013.67,5504526.078,1582.781,-125.38356873,49.66871731,"Cardinal 10 m","E","Depth",NA,275,NA,NA,NA,NA,NA
2021-04-06 12:00:00,"Cruickshank","CRU_N1A",328013.67,5504526.078,1582.781,-125.38356873,49.66871731,"Cardinal 10 m","E","Depth",NA,260,NA,NA,NA,NA,NA
2021-04-06 12:00:00,"Cruickshank","CRU_N1A",328013.67,5504526.078,1582.781,-125.38356873,49.66871731,"Cardinal 10 m","E","Depth",NA,206,NA,NA,NA,NA,NA
2021-04-06 12:00:00,"Cruickshank","CRU_N1A",328013.67,5504526.078,1582.781,-125.38356873,49.66871731,"Cardinal 10 m","E","Depth",NA,209,NA,NA,NA,NA,NA
2021-04-06 12:00:00,"Cruickshank","CRU_N1A",328013.67,5504526.078,1582.781,-125.38356873,49.66871731,"Cardinal 10 m","S","Density","no",255,247,NA,1470,106.10329539459,NA
2021-04-06 12:00:00,"Cruickshank","CRU_N1A",328013.67,5504526.078,1582.781,-125.38356873,49.66871731,"Cardinal 10 m","E","Density","no",282,265,2,1540,111.155833270523,0.396985118823296
2021-04-07 10:35:00,"Cruickshank","CRU_E5O",329949.966,5504345.462,1180.016,-125.35667911,49.66764319,"Cardinal 10 m","N","Depth",NA,314,NA,NA,NA,NA,NA
2021-04-07 10:35:00,"Cruickshank","CRU_E5O",329949.966,5504345.462,1180.016,-125.35667911,49.66764319,"Cardinal 10 m","N","Depth",NA,356,NA,NA,NA,NA,NA
2021-04-07 10:35:00,"Cruickshank","CRU_E5O",329949.966,5504345.462,1180.016,-125.35667911,49.66764319,"Cardinal 10 m","N","Depth",NA,385,NA,NA,NA,NA,NA
2021-04-07 10:35:00,"Cruickshank","CRU_E5O",329949.966,5504345.462,1180.016,-125.35667911,49.66764319,"Cardinal 10 m","N","Depth",NA,416,NA,NA,NA,NA,NA
2021-04-07 10:35:00,"Cruickshank","CRU_E5O",329949.966,5504345.462,1180.016,-125.35667911,49.66764319,"Cardinal 10 m","W","Depth",NA,378,NA,NA,NA,NA,NA
2021-04-07 10:35:00,"Cruickshank","CRU_E5O",329949.966,5504345.462,1180.016,-125.35667911,49.66764319,"Cardinal 10 m","W","Depth",NA,366,NA,NA,NA,NA,NA
2021-04-07 10:35:00,"Cruickshank","CRU_E5O",329949.966,5504345.462,1180.016,-125.35667911,49.66764319,"Cardinal 10 m","W","Depth",NA,344,NA,NA,NA,NA,NA
2021-04-07 10:35:00,"Cruickshank","CRU_E5O",329949.966,5504345.462,1180.016,-125.35667911,49.66764319,"Cardinal 10 m","W","Depth",NA,370,NA,NA,NA,NA,NA
2021-04-07 10:35:00,"Cruickshank","CRU_E5O",329949.966,5504345.462,1180.016,-125.35667911,49.66764319,"Cardinal 10 m","E","Depth",NA,372,NA,NA,NA,NA,NA
2021-04-07 10:35:00,"Cruickshank","CRU_E5O",329949.966,5504345.462,1180.016,-125.35667911,49.66764319,"Cardinal 10 m","E","Depth",NA,397,NA,NA,NA,NA,NA
2021-04-07 10:35:00,"Cruickshank","CRU_E5O",329949.966,5504345.462,1180.016,-125.35667911,49.66764319,"Cardinal 10 m","E","Depth",NA,367,NA,NA,NA,NA,NA
2021-04-07 10:35:00,"Cruickshank","CRU_E5O",329949.966,5504345.462,1180.016,-125.35667911,49.66764319,"Cardinal 10 m","E","Depth",NA,388,NA,NA,NA,NA,NA
2021-04-07 10:35:00,"Cruickshank","CRU_E5O",329949.966,5504345.462,1180.016,-125.35667911,49.66764319,"Cardinal 10 m","N","Density","no",300,264,3,1470,106.10329539459,0.357250152843737
2021-04-07 10:35:00,"Cruickshank","CRU_E5O",329949.966,5504345.462,1180.016,-125.35667911,49.66764319,"Cardinal 10 m","S","Depth",NA,321,NA,NA,NA,NA,NA
2021-04-07 10:35:00,"Cruickshank","CRU_E5O",329949.966,5504345.462,1180.016,-125.35667911,49.66764319,"Cardinal 10 m","S","Density","no",340,305,3,1540,111.155833270523,0.329839267865053
2021-04-07 10:35:00,"Cruickshank","CRU_E5O",329949.966,5504345.462,1180.016,-125.35667911,49.66764319,"Cardinal 10 m","S","Depth",NA,265,NA,NA,NA,NA,NA
2021-04-07 10:35:00,"Cruickshank","CRU_E5O",329949.966,5504345.462,1180.016,-125.35667911,49.66764319,"Cardinal 10 m","S","Depth",NA,266,NA,NA,NA,NA,NA
2021-04-07 10:35:00,"Cruickshank","CRU_E5O",329949.966,5504345.462,1180.016,-125.35667911,49.66764319,"Cardinal 10 m","S","Depth",NA,320,NA,NA,NA,NA,NA
2021-04-07 11:59:00,"Cruickshank","CRU_E5F",330158.012,5504198.043,1114.765,-125.35373446,49.66637696,"Cardinal 10 m","S","Depth",NA,352,NA,NA,NA,NA,NA
2021-04-07 11:59:00,"Cruickshank","CRU_E5F",330158.012,5504198.043,1114.765,-125.35373446,49.66637696,"Cardinal 10 m","S","Depth",NA,353,NA,NA,NA,NA,NA
2021-04-07 11:59:00,"Cruickshank","CRU_E5F",330158.012,5504198.043,1114.765,-125.35373446,49.66637696,"Cardinal 10 m","S","Density","no",295,276,0,1190,85.8931438908585,0.291163199630029
2021-04-07 11:59:00,"Cruickshank","CRU_E5F",330158.012,5504198.043,1114.765,-125.35373446,49.66637696,"Cardinal 10 m","S","Density","no",330,61,2,310,22.3755248791312,0.0682180636558878
2021-04-07 11:59:00,"Cruickshank","CRU_E5F",330158.012,5504198.043,1114.765,-125.35373446,49.66637696,"Cardinal 10 m","S","Depth",NA,374,NA,NA,NA,NA,NA
2021-04-07 11:59:00,"Cruickshank","CRU_E5F",330158.012,5504198.043,1114.765,-125.35373446,49.66637696,"Cardinal 10 m","S","Depth",NA,344,NA,NA,NA,NA,NA
2021-04-07 11:59:00,"Cruickshank","CRU_E5F",330158.012,5504198.043,1114.765,-125.35373446,49.66637696,"Cardinal 10 m","N","Depth",NA,318,NA,NA,NA,NA,NA
2021-04-07 11:59:00,"Cruickshank","CRU_E5F",330158.012,5504198.043,1114.765,-125.35373446,49.66637696,"Cardinal 10 m","N","Depth",NA,264,NA,NA,NA,NA,NA
2021-04-07 11:59:00,"Cruickshank","CRU_E5F",330158.012,5504198.043,1114.765,-125.35373446,49.66637696,"Cardinal 10 m","N","Depth",NA,194,NA,NA,NA,NA,NA
2021-04-07 11:59:00,"Cruickshank","CRU_E5F",330158.012,5504198.043,1114.765,-125.35373446,49.66637696,"Cardinal 10 m","N","Density","no",305,258,0,1260,90.9456817667914,0.298182563169808
2021-04-07 11:59:00,"Cruickshank","CRU_E5F",330158.012,5504198.043,1114.765,-125.35373446,49.66637696,"Cardinal 10 m","N","Depth",NA,239,NA,NA,NA,NA,NA
2021-04-07 11:59:00,"Cruickshank","CRU_E5F",330158.012,5504198.043,1114.765,-125.35373446,49.66637696,"Cardinal 10 m","N","Density","no",309,29,6,150,10.826866876999,0.0357322339174884
2021-04-07 11:59:00,"Cruickshank","CRU_E5F",330158.012,5504198.043,1114.765,-125.35373446,49.66637696,"Cardinal 10 m","W","Density","no",295,280,0,1270,91.6674728919246,0.310737196243812
2021-04-07 11:59:00,"Cruickshank","CRU_E5F",330158.012,5504198.043,1114.765,-125.35373446,49.66637696,"Cardinal 10 m","W","Depth",NA,311,NA,NA,NA,NA,NA
2021-04-07 11:59:00,"Cruickshank","CRU_E5F",330158.012,5504198.043,1114.765,-125.35373446,49.66637696,"Cardinal 10 m","W","Density","no",303,21,3,100,7.21791125133265,0.0240597041711088
2021-04-07 11:59:00,"Cruickshank","CRU_E5F",330158.012,5504198.043,1114.765,-125.35373446,49.66637696,"Cardinal 10 m","W","Depth",NA,344,NA,NA,NA,NA,NA
2021-04-07 11:59:00,"Cruickshank","CRU_E5F",330158.012,5504198.043,1114.765,-125.35373446,49.66637696,"Cardinal 10 m","W","Depth",NA,346,NA,NA,NA,NA,NA
2021-04-07 11:59:00,"Cruickshank","CRU_E5F",330158.012,5504198.043,1114.765,-125.35373446,49.66637696,"Cardinal 10 m","E","Density","no",314,298,1,1410,101.77254864379,0.325151912599969
2021-04-07 11:59:00,"Cruickshank","CRU_E5F",330158.012,5504198.043,1114.765,-125.35373446,49.66637696,"Cardinal 10 m","E","Depth",NA,320,NA,NA,NA,NA,NA
2021-04-07 11:59:00,"Cruickshank","CRU_E5F",330158.012,5504198.043,1114.765,-125.35373446,49.66637696,"Cardinal 10 m","E","Depth",NA,315,NA,NA,NA,NA,NA
2021-04-07 11:59:00,"Cruickshank","CRU_E5F",330158.012,5504198.043,1114.765,-125.35373446,49.66637696,"Cardinal 10 m","E","Depth",NA,384,NA,NA,NA,NA,NA
2021-04-07 11:35:00,"Cruickshank","CRU_CAM1",330133.068,5504196.401,1122.364,-125.35407913,49.66635518,"Camera + Snow Stakes",NA,"Depth",NA,270,NA,NA,NA,NA,NA
2021-04-07 11:35:00,"Cruickshank","CRU_CAM1",330133.068,5504196.401,1122.364,-125.35407913,49.66635518,"Camera + Snow Stakes",NA,"Depth",NA,273,NA,NA,NA,NA,NA
2021-04-07 11:35:00,"Cruickshank","CRU_CAM1",330133.068,5504196.401,1122.364,-125.35407913,49.66635518,"Camera + Snow Stakes",NA,"Depth",NA,281,NA,NA,NA,NA,NA
2021-04-07 11:35:00,"Cruickshank","CRU_CAM1",330133.068,5504196.401,1122.364,-125.35407913,49.66635518,"Camera + Snow Stakes",NA,"Depth",NA,252,NA,NA,NA,NA,NA
2021-04-07 11:35:00,"Cruickshank","CRU_CAM1",330133.068,5504196.401,1122.364,-125.35407913,49.66635518,"Camera + Snow Stakes",NA,"Depth",NA,319,NA,NA,NA,NA,NA
2021-04-06 15:31:00,"Cruickshank","CRU_E3S",329432.389,5504540.275,1400.022,-125.36393053,49.6692478,"Cardinal 10 m","Centre","Depth",NA,320,NA,NA,NA,NA,NA
2021-04-06 15:31:00,"Cruickshank","CRU_E3S",329432.389,5504540.275,1400.022,-125.36393053,49.6692478,"Cardinal 10 m","N","Depth",NA,277,NA,NA,NA,NA,NA
2021-04-06 15:31:00,"Cruickshank","CRU_E3S",329432.389,5504540.275,1400.022,-125.36393053,49.6692478,"Cardinal 10 m","N","Depth",NA,311,NA,NA,NA,NA,NA
2021-04-06 15:31:00,"Cruickshank","CRU_E3S",329432.389,5504540.275,1400.022,-125.36393053,49.6692478,"Cardinal 10 m","N","Depth",NA,259,NA,NA,NA,NA,NA
2021-04-06 15:31:00,"Cruickshank","CRU_E3S",329432.389,5504540.275,1400.022,-125.36393053,49.6692478,"Cardinal 10 m","N","Depth",NA,302,NA,NA,NA,NA,NA
2021-04-06 15:31:00,"Cruickshank","CRU_E3S",329432.389,5504540.275,1400.022,-125.36393053,49.6692478,"Cardinal 10 m","S","Depth",NA,384,NA,NA,NA,NA,NA
2021-04-06 15:31:00,"Cruickshank","CRU_E3S",329432.389,5504540.275,1400.022,-125.36393053,49.6692478,"Cardinal 10 m","S","Depth",NA,322,NA,NA,NA,NA,NA
2021-04-06 15:31:00,"Cruickshank","CRU_E3S",329432.389,5504540.275,1400.022,-125.36393053,49.6692478,"Cardinal 10 m","S","Depth",NA,373,NA,NA,NA,NA,NA
2021-04-06 15:31:00,"Cruickshank","CRU_E3S",329432.389,5504540.275,1400.022,-125.36393053,49.6692478,"Cardinal 10 m","N","Density","no",263,243,NA,760,54.8561255101281,NA
2021-04-06 15:31:00,"Cruickshank","CRU_E3S",329432.389,5504540.275,1400.022,-125.36393053,49.6692478,"Cardinal 10 m","S","Depth",NA,346,NA,NA,NA,NA,NA
2021-04-06 15:31:00,"Cruickshank","CRU_E3S",329432.389,5504540.275,1400.022,-125.36393053,49.6692478,"Cardinal 10 m","E","Depth",NA,302,NA,NA,NA,NA,NA
2021-04-06 15:31:00,"Cruickshank","CRU_E3S",329432.389,5504540.275,1400.022,-125.36393053,49.6692478,"Cardinal 10 m","E","Depth",NA,324,NA,NA,NA,NA,NA
2021-04-06 15:31:00,"Cruickshank","CRU_E3S",329432.389,5504540.275,1400.022,-125.36393053,49.6692478,"Cardinal 10 m","E","Depth",NA,289,NA,NA,NA,NA,NA
2021-04-06 15:31:00,"Cruickshank","CRU_E3S",329432.389,5504540.275,1400.022,-125.36393053,49.6692478,"Cardinal 10 m","E","Depth",NA,296,NA,NA,NA,NA,NA
2021-04-06 15:31:00,"Cruickshank","CRU_E3S",329432.389,5504540.275,1400.022,-125.36393053,49.6692478,"Cardinal 10 m","W","Depth",NA,342,NA,NA,NA,NA,NA
2021-04-06 15:31:00,"Cruickshank","CRU_E3S",329432.389,5504540.275,1400.022,-125.36393053,49.6692478,"Cardinal 10 m","W","Depth",NA,349,NA,NA,NA,NA,NA
2021-04-06 15:31:00,"Cruickshank","CRU_E3S",329432.389,5504540.275,1400.022,-125.36393053,49.6692478,"Cardinal 10 m","W","Depth",NA,319,NA,NA,NA,NA,NA
2021-04-06 15:31:00,"Cruickshank","CRU_E3S",329432.389,5504540.275,1400.022,-125.36393053,49.6692478,"Cardinal 10 m","W","Depth",NA,304,NA,NA,NA,NA,NA
2021-04-06 15:31:00,"Cruickshank","CRU_E3S",329432.389,5504540.275,1400.022,-125.36393053,49.6692478,"Cardinal 10 m","E","Density","no",300,274,NA,1330,95.9982196427242,NA
2021-04-06 15:31:00,"Cruickshank","CRU_E3S",329432.389,5504540.275,1400.022,-125.36393053,49.6692478,"Cardinal 10 m","W","Density","no",340,335,NA,1610,116.208371146456,NA
2021-04-07 14:41:00,"Cruickshank","CRU_E7S",330730.029,5503354.767,981.414,-125.34544972,49.65895921,"Cardinal 10 m","Centre","Density","no",206,199,0,800,57.7432900106612,0.280307233061462
2021-04-07 14:41:00,"Cruickshank","CRU_E7S",330730.029,5503354.767,981.414,-125.34544972,49.65895921,"Cardinal 10 m","N","Density","no",180,132,1,710,51.2471698844618,0.28629703846068
2021-04-07 14:41:00,"Cruickshank","CRU_E7S",330730.029,5503354.767,981.414,-125.34544972,49.65895921,"Cardinal 10 m","N","Depth",NA,200,NA,NA,NA,NA,NA
2021-04-07 14:41:00,"Cruickshank","CRU_E7S",330730.029,5503354.767,981.414,-125.34544972,49.65895921,"Cardinal 10 m","N","Depth",NA,156,NA,NA,NA,NA,NA
2021-04-07 14:41:00,"Cruickshank","CRU_E7S",330730.029,5503354.767,981.414,-125.34544972,49.65895921,"Cardinal 10 m","N","Depth",NA,242,NA,NA,NA,NA,NA
2021-04-07 14:41:00,"Cruickshank","CRU_E7S",330730.029,5503354.767,981.414,-125.34544972,49.65895921,"Cardinal 10 m","W","Density","no",215,192,7,850,61.3522456363275,0.294962719405421
2021-04-07 14:41:00,"Cruickshank","CRU_E7S",330730.029,5503354.767,981.414,-125.34544972,49.65895921,"Cardinal 10 m","W","Depth",NA,220,NA,NA,NA,NA,NA
2021-04-07 14:41:00,"Cruickshank","CRU_E7S",330730.029,5503354.767,981.414,-125.34544972,49.65895921,"Cardinal 10 m","W","Depth",NA,210,NA,NA,NA,NA,NA
2021-04-07 14:41:00,"Cruickshank","CRU_E7S",330730.029,5503354.767,981.414,-125.34544972,49.65895921,"Cardinal 10 m","W","Depth",NA,210,NA,NA,NA,NA,NA
2021-04-07 14:41:00,"Cruickshank","CRU_E7S",330730.029,5503354.767,981.414,-125.34544972,49.65895921,"Cardinal 10 m","S","Density","no",269,195,0,670,48.3600053839287,0.179776971687467
2021-04-07 14:41:00,"Cruickshank","CRU_E7S",330730.029,5503354.767,981.414,-125.34544972,49.65895921,"Cardinal 10 m","S","Depth",NA,265,NA,NA,NA,NA,NA
2021-04-07 14:41:00,"Cruickshank","CRU_E7S",330730.029,5503354.767,981.414,-125.34544972,49.65895921,"Cardinal 10 m","S","Depth",NA,275,NA,NA,NA,NA,NA
2021-04-07 14:41:00,"Cruickshank","CRU_E7S",330730.029,5503354.767,981.414,-125.34544972,49.65895921,"Cardinal 10 m","S","Depth",NA,250,NA,NA,NA,NA,NA
2021-04-07 14:41:00,"Cruickshank","CRU_E7S",330730.029,5503354.767,981.414,-125.34544972,49.65895921,"Cardinal 10 m","E","Density","no",245,214,2,930,67.1265746373936,0.276241047890509
2021-04-07 14:41:00,"Cruickshank","CRU_E7S",330730.029,5503354.767,981.414,-125.34544972,49.65895921,"Cardinal 10 m","E","Depth",NA,155,NA,NA,NA,NA,NA
2021-04-07 14:41:00,"Cruickshank","CRU_E7S",330730.029,5503354.767,981.414,-125.34544972,49.65895921,"Cardinal 10 m","E","Depth",NA,222,NA,NA,NA,NA,NA
2021-04-07 14:41:00,"Cruickshank","CRU_E7S",330730.029,5503354.767,981.414,-125.34544972,49.65895921,"Cardinal 10 m","E","Depth",NA,255,NA,NA,NA,NA,NA
2021-04-07 13:32:00,"Cruickshank","CRU_E6N_C2STK4",330645.732,5503661.913,1014.59,-125.34674955,49.66169588,"Cardinal 10 m","Centre","Density","no",270,232,0,1540,111.155833270523,0.411688271372307
2021-04-07 13:32:00,"Cruickshank","CRU_E6N_C2STK4",330645.732,5503661.913,1014.59,-125.34674955,49.66169588,"Cardinal 10 m","N","Depth",NA,282,NA,NA,NA,NA,NA
2021-04-07 13:32:00,"Cruickshank","CRU_E6N_C2STK4",330645.732,5503661.913,1014.59,-125.34674955,49.66169588,"Cardinal 10 m","N","Depth",NA,270,NA,NA,NA,NA,NA
2021-04-07 13:32:00,"Cruickshank","CRU_E6N_C2STK4",330645.732,5503661.913,1014.59,-125.34674955,49.66169588,"Cardinal 10 m","N","Depth",NA,190,NA,NA,NA,NA,NA
2021-04-07 13:32:00,"Cruickshank","CRU_E6N_C2STK4",330645.732,5503661.913,1014.59,-125.34674955,49.66169588,"Cardinal 10 m","N","Depth",NA,282,NA,NA,NA,NA,NA
2021-04-07 13:32:00,"Cruickshank","CRU_E6N_C2STK4",330645.732,5503661.913,1014.59,-125.34674955,49.66169588,"Cardinal 10 m","N","Density","no",261,178,0,1570,113.321206645923,0.434180868375182
2021-04-07 13:32:00,"Cruickshank","CRU_E6N_C2STK4",330645.732,5503661.913,1014.59,-125.34674955,49.66169588,"Cardinal 10 m","S","Depth",NA,266,NA,NA,NA,NA,NA
2021-04-07 13:32:00,"Cruickshank","CRU_E6N_C2STK4",330645.732,5503661.913,1014.59,-125.34674955,49.66169588,"Cardinal 10 m","S","Depth",NA,292,NA,NA,NA,NA,NA
2021-04-07 13:32:00,"Cruickshank","CRU_E6N_C2STK4",330645.732,5503661.913,1014.59,-125.34674955,49.66169588,"Cardinal 10 m","S","Depth",NA,298,NA,NA,NA,NA,NA
2021-04-07 13:32:00,"Cruickshank","CRU_E6N_C2STK4",330645.732,5503661.913,1014.59,-125.34674955,49.66169588,"Cardinal 10 m","S","Depth",NA,291,NA,NA,NA,NA,NA
2021-04-07 13:32:00,"Cruickshank","CRU_E6N_C2STK4",330645.732,5503661.913,1014.59,-125.34674955,49.66169588,"Cardinal 10 m","S","Density","no",272,252,0,1560,112.599415520789,0.413968439414666
2021-04-07 13:32:00,"Cruickshank","CRU_E6N_C2STK4",330645.732,5503661.913,1014.59,-125.34674955,49.66169588,"Cardinal 10 m","E","Density","no",318,274,12,1770,127.757029148588,0.417506631204535
2021-04-07 13:32:00,"Cruickshank","CRU_E6N_C2STK4",330645.732,5503661.913,1014.59,-125.34674955,49.66169588,"Cardinal 10 m","E","Depth",NA,260,NA,NA,NA,NA,NA
2021-04-07 13:32:00,"Cruickshank","CRU_E6N_C2STK4",330645.732,5503661.913,1014.59,-125.34674955,49.66169588,"Cardinal 10 m","E","Depth",NA,222,NA,NA,NA,NA,NA
2021-04-07 13:32:00,"Cruickshank","CRU_E6N_C2STK4",330645.732,5503661.913,1014.59,-125.34674955,49.66169588,"Cardinal 10 m","E","Depth",NA,286,NA,NA,NA,NA,NA
2021-04-07 13:32:00,"Cruickshank","CRU_E6N_C2STK4",330645.732,5503661.913,1014.59,-125.34674955,49.66169588,"Cardinal 10 m","W","Density","no",250,180,3,1080,77.9534415143926,0.315600977791063
2021-04-07 13:32:00,"Cruickshank","CRU_E6N_C2STK4",330645.732,5503661.913,1014.59,-125.34674955,49.66169588,"Cardinal 10 m","W","Depth",NA,304,NA,NA,NA,NA,NA
2021-04-07 13:32:00,"Cruickshank","CRU_E6N_C2STK4",330645.732,5503661.913,1014.59,-125.34674955,49.66169588,"Cardinal 10 m","W","Depth",NA,327,NA,NA,NA,NA,NA
2021-04-07 13:32:00,"Cruickshank","CRU_E6N_C2STK4",330645.732,5503661.913,1014.59,-125.34674955,49.66169588,"Cardinal 10 m","W","Depth",NA,301,NA,NA,NA,NA,NA
2021-04-06 13:12:00,"Cruickshank","CRU_S1A",327847.361,5504164.581,1606.868,-125.38571254,49.66542118,"Cardinal 10 m","Centre","Density","yes",316,328,0,1630,117.651953396722,0.372316308217475
2021-04-06 13:12:00,"Cruickshank","CRU_S1A",327847.361,5504164.581,1606.868,-125.38571254,49.66542118,"Cardinal 10 m","W","Density","yes",371,392,1,1910,137.862104900454,0.372600283514739
2021-04-06 09:57:00,"Cruickshank","CRU_N3O",328983.599,5504640.86,1414.102,-125.37018874,49.67002466,"Cardinal 10 m","Centre","Density","yes",424,468,4,2390,172.50807890685,0.410733521206786
2021-04-06 12:00:00,"Cruickshank","CRU_N1A",328013.67,5504526.078,1582.781,-125.38356873,49.66871731,"Cardinal 10 m","W","Density","yes",310,305,0,1780,128.478820273721,0.414447807334584
2021-04-07 10:35:00,"Cruickshank","CRU_E5O",329949.966,5504345.462,1180.016,-125.35667911,49.66764319,"Cardinal 10 m","Centre","Density","yes",327,308,0,1480,106.825086519723,0.326682221772854
2021-04-07 10:35:00,"Cruickshank","CRU_E5O",329949.966,5504345.462,1180.016,-125.35667911,49.66764319,"Cardinal 10 m","E","Density","yes",365,330,0.5,1890,136.418522650187,0.374262064883915
2021-04-07 10:35:00,"Cruickshank","CRU_E5O",329949.966,5504345.462,1180.016,-125.35667911,49.66764319,"Cardinal 30 m","E","Density","yes",365,330,0.5,1890,136.418522650187,0.374262064883915
2021-04-07 11:59:00,"Cruickshank","CRU_E5F",330158.012,5504198.043,1114.765,-125.35373446,49.66637696,"Cardinal 10 m","Centre","Density","yes",315,297,5,1440,103.93792201919,0.335283619416742
2021-04-06 15:31:00,"Cruickshank","CRU_E3S",329432.389,5504540.275,1400.022,-125.36393053,49.6692478,"Cardinal 10 m","Centre","Density","yes",298,306,0,3740,269.949880799841,0.905872083220943
2021-04-06 15:31:00,"Cruickshank","CRU_E3S",329432.389,5504540.275,1400.022,-125.36393053,49.6692478,"Cardinal 10 m","S","Density","yes",381,398,0,1070,77.2316503892593,0.20270774380383
2021-04-05 05:30:00,"Cruickshank","CRU_snowsurvey",329584.78,5504523.844,1362.723,-125.36181325,49.66914322,"wx_snow_survey",NA,"Density","yes",411,405,10,2130,153.721577746312,0.383345580414743
2021-04-05 05:30:00,"Cruickshank","CRU_snowsurvey",329584.78,5504523.844,1362.723,-125.36181325,49.66914322,"wx_snow_survey",NA,"Density","yes",406,406,2,1890,136.400836591798,0.337625833148014
2021-04-05 05:30:00,"Cruickshank","CRU_snowsurvey",329584.78,5504523.844,1362.723,-125.36181325,49.66914322,"wx_snow_survey",NA,"Density","yes",417,407,13,1730,124.853675822122,0.309043752034955
2021-04-05 05:30:00,"Cruickshank","CRU_snowsurvey",329584.78,5504523.844,1362.723,-125.36181325,49.66914322,"wx_snow_survey",NA,"Density","yes",404,394,0,360,25.981111731771,0.0643096825043837
2021-04-05 05:30:00,"Cruickshank","CRU_snowsurvey",329584.78,5504523.844,1362.723,-125.36181325,49.66914322,"wx_snow_survey",NA,"Density","yes",404,419,2,690,49.7971308192278,0.123873459749323
2021-04-05 05:30:00,"Cruickshank","CRU_snowsurvey",329584.78,5504523.844,1362.723,-125.36181325,49.66914322,"wx_snow_survey",NA,"Density","yes",403,404,11,1380,99.5942616384555,0.254066993975652
2021-04-05 05:30:00,"Cruickshank","CRU_snowsurvey",329584.78,5504523.844,1362.723,-125.36181325,49.66914322,"wx_snow_survey",NA,"Density","yes",397,386,0,1560,112.584817504341,0.283588960968113
2021-04-05 05:30:00,"Cruickshank","CRU_snowsurvey",329584.78,5504523.844,1362.723,-125.36181325,49.66914322,"wx_snow_survey",NA,"Density","yes",377,398,4,1710,123.410280725912,0.330858661463572
2021-04-05 06:00:00,"Cruickshank","CRU_snowpillow",329589.58,5504502.042,1364.033,-125.36173729,49.66894864,"wx_snow_survey",NA,"Density","yes",377,422,0,1330,95.9857738979318,0.254604174795575
2021-04-05 06:00:00,"Cruickshank","CRU_WX_SR50",329591.912,5504506.718,1364.332,-125.36170704,49.66899133,"wx_snow_survey",NA,"Depth",NA,408,NA,NA,NA,NA,NA
