"","Survey_Start_Time","Study_Area","Plot_ID","easting","northing","elev_ellipsoidal","lon","lat","plot_type","cardinal_direction","multi_core","depth","core","plug","mass","SWE","density"
"1","3/9/2021 11:38","Cruickshank","CRU_WX_CAM",329597.714,5504521.572,1362.654,-125.36163317,49.66912646,"Custom",NA,NA,450,NA,NA,NA,NA,NA
"2","3/9/2021 11:38","Cruickshank","CRU_WX_CAM",329597.714,5504521.572,1362.654,-125.36163317,49.66912646,"Custom",NA,NA,450,NA,NA,NA,NA,NA
"3","3/9/2021 11:38","Cruickshank","CRU_WX_CAM",329597.714,5504521.572,1362.654,-125.36163317,49.66912646,"Custom",NA,NA,495,NA,NA,NA,NA,NA
"4","3/9/2021 11:38","Cruickshank","CRU_WX_CAM",329597.714,5504521.572,1362.654,-125.36163317,49.66912646,"Custom",NA,NA,477,NA,NA,NA,NA,NA
"5","3/9/2021 11:38","Cruickshank","CRU_WX_CAM",329597.714,5504521.572,1362.654,-125.36163317,49.66912646,"Custom",NA,NA,475,NA,NA,NA,NA,NA
"6","3/10/2021 14:43","Cruickshank","CRU_E3S",329432.389,5504540.275,1400.022,-125.36393053,49.6692478,"Cardinal 10 m","Centre","no",336,274,0,1320,95.2764285175909,0.283560799159497
"7","3/10/2021 14:43","Cruickshank","CRU_E3S",329432.389,5504540.275,1400.022,-125.36393053,49.6692478,"Cardinal 10 m","N",NA,300,274,8,1090,78.6752326395258,0.269435728217554
"8","3/10/2021 14:43","Cruickshank","CRU_E3S",329432.389,5504540.275,1400.022,-125.36393053,49.6692478,"Cardinal 10 m","N",NA,295,NA,NA,NA,NA,NA
"9","3/10/2021 14:43","Cruickshank","CRU_E3S",329432.389,5504540.275,1400.022,-125.36393053,49.6692478,"Cardinal 10 m","N",NA,250,NA,NA,NA,NA,NA
"10","3/10/2021 14:43","Cruickshank","CRU_E3S",329432.389,5504540.275,1400.022,-125.36393053,49.6692478,"Cardinal 10 m","N",NA,330,NA,NA,NA,NA,NA
"11","3/10/2021 14:43","Cruickshank","CRU_E3S",329432.389,5504540.275,1400.022,-125.36393053,49.6692478,"Cardinal 10 m","W","no",380,326,1,1520,109.712251020256,0.289478234881943
"12","3/10/2021 14:43","Cruickshank","CRU_E3S",329432.389,5504540.275,1400.022,-125.36393053,49.6692478,"Cardinal 10 m","W",NA,379,NA,NA,NA,NA,NA
"13","3/10/2021 14:43","Cruickshank","CRU_E3S",329432.389,5504540.275,1400.022,-125.36393053,49.6692478,"Cardinal 10 m","W",NA,324,NA,NA,NA,NA,NA
"14","3/10/2021 14:43","Cruickshank","CRU_E3S",329432.389,5504540.275,1400.022,-125.36393053,49.6692478,"Cardinal 10 m","W",NA,335,NA,NA,NA,NA,NA
"15","3/10/2021 14:43","Cruickshank","CRU_E3S",329432.389,5504540.275,1400.022,-125.36393053,49.6692478,"Cardinal 10 m","E","no",352,341,2,1230,88.7803083913916,0.253658023975404
"16","3/10/2021 14:43","Cruickshank","CRU_E3S",329432.389,5504540.275,1400.022,-125.36393053,49.6692478,"Cardinal 10 m","E",NA,277,NA,NA,NA,NA,NA
"17","3/10/2021 14:43","Cruickshank","CRU_E3S",329432.389,5504540.275,1400.022,-125.36393053,49.6692478,"Cardinal 10 m","E",NA,259,NA,NA,NA,NA,NA
"18","3/10/2021 14:43","Cruickshank","CRU_E3S",329432.389,5504540.275,1400.022,-125.36393053,49.6692478,"Cardinal 10 m","E",NA,260,NA,NA,NA,NA,NA
"19","3/10/2021 14:43","Cruickshank","CRU_E3S",329432.389,5504540.275,1400.022,-125.36393053,49.6692478,"Cardinal 10 m","S","no",405,327,2,1470,106.10329539459,0.263283611400968
"20","3/10/2021 14:43","Cruickshank","CRU_E3S",329432.389,5504540.275,1400.022,-125.36393053,49.6692478,"Cardinal 10 m","S",NA,430,NA,NA,NA,NA,NA
"21","3/10/2021 14:43","Cruickshank","CRU_E3S",329432.389,5504540.275,1400.022,-125.36393053,49.6692478,"Cardinal 10 m","S",NA,390,NA,NA,NA,NA,NA
"22","3/10/2021 14:43","Cruickshank","CRU_E3S",329432.389,5504540.275,1400.022,-125.36393053,49.6692478,"Cardinal 10 m","S",NA,370,NA,NA,NA,NA,NA
"23","3/10/2021 10:21","Cruickshank","CRU_N3O",328983.599,5504640.86,1414.102,-125.37018874,49.67002466,"Cardinal 10 m","Centre","yes",289,239,NA,1110,80.1188148897924,NA
"24","3/10/2021 10:21","Cruickshank","CRU_N3O",328983.599,5504640.86,1414.102,-125.37018874,49.67002466,"Cardinal 10 m","N",NA,440,NA,NA,NA,NA,NA
"25","3/10/2021 10:21","Cruickshank","CRU_N3O",328983.599,5504640.86,1414.102,-125.37018874,49.67002466,"Cardinal 10 m","N",NA,452,NA,NA,NA,NA,NA
"26","3/10/2021 10:21","Cruickshank","CRU_N3O",328983.599,5504640.86,1414.102,-125.37018874,49.67002466,"Cardinal 10 m",NA,NA,472.5,NA,NA,NA,NA,NA
"27","3/10/2021 10:21","Cruickshank","CRU_N3O",328983.599,5504640.86,1414.102,-125.37018874,49.67002466,"Cardinal 10 m","N","no",474,NA,NA,NA,NA,NA
"28","3/10/2021 10:21","Cruickshank","CRU_N3O",328983.599,5504640.86,1414.102,-125.37018874,49.67002466,"Cardinal 10 m","S",NA,421,NA,NA,NA,NA,NA
"29","3/10/2021 10:21","Cruickshank","CRU_N3O",328983.599,5504640.86,1414.102,-125.37018874,49.67002466,"Cardinal 10 m","S",NA,431,NA,NA,NA,NA,NA
"30","3/10/2021 10:21","Cruickshank","CRU_N3O",328983.599,5504640.86,1414.102,-125.37018874,49.67002466,"Cardinal 10 m","S",NA,431,NA,NA,NA,NA,NA
"31","3/10/2021 10:21","Cruickshank","CRU_N3O",328983.599,5504640.86,1414.102,-125.37018874,49.67002466,"Cardinal 10 m","S","no",448,NA,NA,NA,NA,NA
"32","3/10/2021 10:21","Cruickshank","CRU_N3O",328983.599,5504640.86,1414.102,-125.37018874,49.67002466,"Cardinal 10 m","W",NA,450,NA,NA,NA,NA,NA
"33","3/10/2021 10:21","Cruickshank","CRU_N3O",328983.599,5504640.86,1414.102,-125.37018874,49.67002466,"Cardinal 10 m","W",NA,476,NA,NA,NA,NA,NA
"34","3/10/2021 10:21","Cruickshank","CRU_N3O",328983.599,5504640.86,1414.102,-125.37018874,49.67002466,"Cardinal 10 m","W",NA,455,NA,NA,NA,NA,NA
"35","3/10/2021 10:21","Cruickshank","CRU_N3O",328983.599,5504640.86,1414.102,-125.37018874,49.67002466,"Cardinal 10 m","W","no",380,NA,NA,NA,NA,NA
"36","3/10/2021 10:21","Cruickshank","CRU_N3O",328983.599,5504640.86,1414.102,-125.37018874,49.67002466,"Cardinal 10 m","E",NA,410,NA,NA,NA,NA,NA
"37","3/10/2021 10:21","Cruickshank","CRU_N3O",328983.599,5504640.86,1414.102,-125.37018874,49.67002466,"Cardinal 10 m","E",NA,394,NA,NA,NA,NA,NA
"38","3/10/2021 10:21","Cruickshank","CRU_N3O",328983.599,5504640.86,1414.102,-125.37018874,49.67002466,"Cardinal 10 m","E",NA,369,NA,NA,NA,NA,NA
"39","3/10/2021 10:21","Cruickshank","CRU_N3O",328983.599,5504640.86,1414.102,-125.37018874,49.67002466,"Cardinal 10 m","E","no",317,NA,NA,NA,NA,NA
"40","3/10/2021 10:21","Cruickshank","CRU_N3O",328983.599,5504640.86,1414.102,-125.37018874,49.67002466,"Cardinal 10 m","Centre","yes",344,84,NA,490,35.36776513153,NA
"41","3/10/2021 10:21","Cruickshank","CRU_N3O",328983.599,5504640.86,1414.102,-125.37018874,49.67002466,"Cardinal 10 m","Centre","yes",398,73,NA,490,35.36776513153,NA
"42","3/10/2021 10:21","Cruickshank","CRU_N3O",328983.599,5504640.86,1414.102,-125.37018874,49.67002466,"Cardinal 10 m","Centre","yes",433,52,13,180,12.9922402523988,0.0309339053628542
"43","3/10/2021 12:28","Cruickshank","CRU_N4S",328488.76,5505112.774,1264.273,-125.37724752,49.67412514,"Cardinal 10 m","Centre","yes",278,263,NA,1130,81.5623971400589,NA
"44","3/10/2021 12:28","Cruickshank","CRU_N4S",328488.76,5505112.774,1264.273,-125.37724752,49.67412514,"Cardinal 10 m","N","no",442,NA,NA,NA,NA,NA
"45","3/10/2021 12:28","Cruickshank","CRU_N4S",328488.76,5505112.774,1264.273,-125.37724752,49.67412514,"Cardinal 10 m","N",NA,406,NA,NA,NA,NA,NA
"46","3/10/2021 12:28","Cruickshank","CRU_N4S",328488.76,5505112.774,1264.273,-125.37724752,49.67412514,"Cardinal 10 m","N",NA,383,NA,NA,NA,NA,NA
"47","3/10/2021 12:28","Cruickshank","CRU_N4S",328488.76,5505112.774,1264.273,-125.37724752,49.67412514,"Cardinal 10 m","N",NA,422,NA,NA,NA,NA,NA
"48","3/10/2021 12:28","Cruickshank","CRU_N4S",328488.76,5505112.774,1264.273,-125.37724752,49.67412514,"Cardinal 10 m","Centre","yes",340,78,NA,500,36.0895562566632,NA
"49","3/10/2021 12:28","Cruickshank","CRU_N4S",328488.76,5505112.774,1264.273,-125.37724752,49.67412514,"Cardinal 10 m","S",NA,370,NA,NA,NA,NA,NA
"50","3/10/2021 12:28","Cruickshank","CRU_N4S",328488.76,5505112.774,1264.273,-125.37724752,49.67412514,"Cardinal 10 m","S",NA,399,NA,NA,NA,NA,NA
"51","3/10/2021 12:28","Cruickshank","CRU_N4S",328488.76,5505112.774,1264.273,-125.37724752,49.67412514,"Cardinal 10 m","S",NA,342,NA,NA,NA,NA,NA
"52","3/10/2021 12:28","Cruickshank","CRU_N4S",328488.76,5505112.774,1264.273,-125.37724752,49.67412514,"Cardinal 10 m","Centre","yes",375,52.5,NA,510,36.8113473817965,NA
"53","3/10/2021 12:28","Cruickshank","CRU_N4S",328488.76,5505112.774,1264.273,-125.37724752,49.67412514,"Cardinal 10 m","S",NA,362,NA,NA,NA,NA,NA
"54","3/10/2021 12:28","Cruickshank","CRU_N4S",328488.76,5505112.774,1264.273,-125.37724752,49.67412514,"Cardinal 10 m","Centre","yes",420,67,NA,530,38.254929632063,NA
"55","3/10/2021 12:28","Cruickshank","CRU_N4S",328488.76,5505112.774,1264.273,-125.37724752,49.67412514,"Cardinal 10 m","E",NA,448,NA,NA,NA,NA,NA
"56","3/10/2021 12:28","Cruickshank","CRU_N4S",328488.76,5505112.774,1264.273,-125.37724752,49.67412514,"Cardinal 10 m","E",NA,437,NA,NA,NA,NA,NA
"57","3/10/2021 12:28","Cruickshank","CRU_N4S",328488.76,5505112.774,1264.273,-125.37724752,49.67412514,"Cardinal 10 m","E",NA,437,NA,NA,NA,NA,NA
"58","3/10/2021 12:28","Cruickshank","CRU_N4S",328488.76,5505112.774,1264.273,-125.37724752,49.67412514,"Cardinal 10 m","E",NA,442,NA,NA,NA,NA,NA
"59","3/10/2021 12:28","Cruickshank","CRU_N4S",328488.76,5505112.774,1264.273,-125.37724752,49.67412514,"Cardinal 10 m","W",NA,439,NA,NA,NA,NA,NA
"60","3/10/2021 12:28","Cruickshank","CRU_N4S",328488.76,5505112.774,1264.273,-125.37724752,49.67412514,"Cardinal 10 m","W",NA,369,NA,NA,NA,NA,NA
"61","3/10/2021 12:28","Cruickshank","CRU_N4S",328488.76,5505112.774,1264.273,-125.37724752,49.67412514,"Cardinal 10 m","W",NA,318,NA,NA,NA,NA,NA
"62","3/10/2021 12:28","Cruickshank","CRU_N4S",328488.76,5505112.774,1264.273,-125.37724752,49.67412514,"Cardinal 10 m","W",NA,375,NA,NA,NA,NA,NA
"63","3/11/2021 15:15","Cruickshank","CRU_E7S",330730.029,5503354.767,981.414,-125.34544972,49.65895921,"Cardinal 10 m","N","no",234,155,5,430,31.0370183807304,0.135532831356901
"64","3/11/2021 15:15","Cruickshank","CRU_E7S",330730.029,5503354.767,981.414,-125.34544972,49.65895921,"Cardinal 10 m","N",NA,223,NA,NA,NA,NA,NA
"65","3/11/2021 15:15","Cruickshank","CRU_E7S",330730.029,5503354.767,981.414,-125.34544972,49.65895921,"Cardinal 10 m","N",NA,180,NA,NA,NA,NA,NA
"66","3/11/2021 15:15","Cruickshank","CRU_E7S",330730.029,5503354.767,981.414,-125.34544972,49.65895921,"Cardinal 10 m","N",NA,260,NA,NA,NA,NA,NA
"67","3/11/2021 15:15","Cruickshank","CRU_E7S",330730.029,5503354.767,981.414,-125.34544972,49.65895921,"Cardinal 10 m","Centre","no",230,225,2,820,59.1868722609277,0.259591545004069
"68","3/11/2021 15:15","Cruickshank","CRU_E7S",330730.029,5503354.767,981.414,-125.34544972,49.65895921,"Cardinal 10 m","S","no",225,191,6,560,40.4203030074628,0.184567593641383
"69","3/11/2021 15:15","Cruickshank","CRU_E7S",330730.029,5503354.767,981.414,-125.34544972,49.65895921,"Cardinal 10 m","S",NA,290,NA,NA,NA,NA,NA
"70","3/11/2021 15:15","Cruickshank","CRU_E7S",330730.029,5503354.767,981.414,-125.34544972,49.65895921,"Cardinal 10 m","S",NA,259,NA,NA,NA,NA,NA
"71","3/11/2021 15:15","Cruickshank","CRU_E7S",330730.029,5503354.767,981.414,-125.34544972,49.65895921,"Cardinal 10 m","S",NA,235,NA,NA,NA,NA,NA
"72","3/11/2021 15:15","Cruickshank","CRU_E7S",330730.029,5503354.767,981.414,-125.34544972,49.65895921,"Cardinal 10 m","E","no",261,236,8,690,49.8035876341953,0.196852125036345
"73","3/11/2021 15:15","Cruickshank","CRU_E7S",330730.029,5503354.767,981.414,-125.34544972,49.65895921,"Cardinal 10 m","E",NA,145,NA,NA,NA,NA,NA
"74","3/11/2021 15:15","Cruickshank","CRU_E7S",330730.029,5503354.767,981.414,-125.34544972,49.65895921,"Cardinal 10 m","E",NA,250,NA,NA,NA,NA,NA
"75","3/11/2021 15:15","Cruickshank","CRU_E7S",330730.029,5503354.767,981.414,-125.34544972,49.65895921,"Cardinal 10 m","E",NA,271,NA,NA,NA,NA,NA
"76","3/11/2021 15:15","Cruickshank","CRU_E7S",330730.029,5503354.767,981.414,-125.34544972,49.65895921,"Cardinal 10 m","W","no",225,175,0,560,40.4203030074628,0.179645791144279
"77","3/11/2021 15:15","Cruickshank","CRU_E7S",330730.029,5503354.767,981.414,-125.34544972,49.65895921,"Cardinal 10 m","W",NA,238,NA,NA,NA,NA,NA
"78","3/11/2021 15:15","Cruickshank","CRU_E7S",330730.029,5503354.767,981.414,-125.34544972,49.65895921,"Cardinal 10 m","W",NA,215,NA,NA,NA,NA,NA
"79","3/11/2021 15:15","Cruickshank","CRU_E7S",330730.029,5503354.767,981.414,-125.34544972,49.65895921,"Cardinal 10 m","W",NA,234,NA,NA,NA,NA,NA
"80","3/9/2021 16:24","Cruickshank","CRU_CAM1",330133.068,5504196.401,1122.364,-125.35407913,49.66635518,"Camera Snow Stakes",NA,NA,280,NA,NA,NA,NA,NA
"81","3/9/2021 16:24","Cruickshank","CRU_CAM1",330133.068,5504196.401,1122.364,-125.35407913,49.66635518,"Camera Snow Stakes",NA,NA,279,NA,NA,NA,NA,NA
"82","3/9/2021 16:24","Cruickshank","CRU_CAM1",330133.068,5504196.401,1122.364,-125.35407913,49.66635518,"Camera Snow Stakes",NA,NA,285,NA,NA,NA,NA,NA
"83","3/9/2021 16:24","Cruickshank","CRU_CAM1",330133.068,5504196.401,1122.364,-125.35407913,49.66635518,"Camera Snow Stakes",NA,NA,115,NA,NA,NA,NA,NA
"84","3/9/2021 16:24","Cruickshank","CRU_CAM1",330133.068,5504196.401,1122.364,-125.35407913,49.66635518,"Camera Snow Stakes",NA,NA,330,NA,NA,NA,NA,NA
"85","3/11/2021 11:53","Cruickshank","CRU_CAM2",330643.33,5503665.223,1015.715,-125.34678424,49.66172496,"Camera Snow Stakes",NA,NA,355,NA,NA,NA,NA,NA
"86","3/11/2021 11:53","Cruickshank","CRU_CAM2",330643.33,5503665.223,1015.715,-125.34678424,49.66172496,"Camera Snow Stakes",NA,NA,340,NA,NA,NA,NA,NA
"87","3/11/2021 11:53","Cruickshank","CRU_CAM2",330643.33,5503665.223,1015.715,-125.34678424,49.66172496,"Camera Snow Stakes",NA,NA,360,NA,NA,NA,NA,NA
"88","3/11/2021 11:53","Cruickshank","CRU_CAM2",330643.33,5503665.223,1015.715,-125.34678424,49.66172496,"Camera Snow Stakes",NA,NA,325,NA,NA,NA,NA,NA
"89","3/11/2021 11:53","Cruickshank","CRU_CAM2",330643.33,5503665.223,1015.715,-125.34678424,49.66172496,"Camera Snow Stakes",NA,NA,370,NA,NA,NA,NA,NA
"90","3/11/2021 16:00","Cruickshank","CRU_CAM3",330745.787,5503356.824,981.427,-125.34523246,49.65898212,"Camera Snow Stakes",NA,NA,289,NA,NA,NA,NA,NA
"91","3/11/2021 16:00","Cruickshank","CRU_CAM3",330745.787,5503356.824,981.427,-125.34523246,49.65898212,"Camera Snow Stakes",NA,NA,271,NA,NA,NA,NA,NA
"92","3/11/2021 16:00","Cruickshank","CRU_CAM3",330745.787,5503356.824,981.427,-125.34523246,49.65898212,"Camera Snow Stakes",NA,NA,269,NA,NA,NA,NA,NA
"93","3/11/2021 16:00","Cruickshank","CRU_CAM3",330745.787,5503356.824,981.427,-125.34523246,49.65898212,"Camera Snow Stakes",NA,NA,284,NA,NA,NA,NA,NA
"94","3/11/2021 16:00","Cruickshank","CRU_CAM3",330745.787,5503356.824,981.427,-125.34523246,49.65898212,"Camera Snow Stakes",NA,NA,293,NA,NA,NA,NA,NA
"95","2021-04-07 14:46:00","Cruickshank","CRU_CAM3",330745.787,5503356.824,981.427,-125.34523246,49.65898212,"Camera + Snow Stakes",NA,NA,245,NA,NA,NA,NA,NA
"96","2021-04-07 14:46:00","Cruickshank","CRU_CAM3",330745.787,5503356.824,981.427,-125.34523246,49.65898212,"Camera + Snow Stakes",NA,NA,245,NA,NA,NA,NA,NA
"97","2021-04-07 14:46:00","Cruickshank","CRU_CAM3",330745.787,5503356.824,981.427,-125.34523246,49.65898212,"Camera + Snow Stakes",NA,NA,243,NA,NA,NA,NA,NA
"98","2021-04-07 14:46:00","Cruickshank","CRU_CAM3",330745.787,5503356.824,981.427,-125.34523246,49.65898212,"Camera + Snow Stakes",NA,NA,241,NA,NA,NA,NA,NA
"99","2021-04-07 14:46:00","Cruickshank","CRU_CAM3",330745.787,5503356.824,981.427,-125.34523246,49.65898212,"Camera + Snow Stakes",NA,NA,255,NA,NA,NA,NA,NA
"100","2021-04-09 13:31:00","Cruickshank","CRU_S4F",328998.829,5504069.787,1210.398,-125.3697284,49.66489681,"Cardinal 10 m","Centre","no",324,190,0,1050,75.7880681389928,0.233913790552447
"101","2021-04-09 13:31:00","Cruickshank","CRU_S4F",328998.829,5504069.787,1210.398,-125.3697284,49.66489681,"Cardinal 10 m","S","no",345,303,2,1560,112.599415520789,0.328278179360902
"102","2021-04-09 13:31:00","Cruickshank","CRU_S4F",328998.829,5504069.787,1210.398,-125.3697284,49.66489681,"Cardinal 10 m","S",NA,340,NA,NA,NA,NA,NA
"103","2021-04-09 13:31:00","Cruickshank","CRU_S4F",328998.829,5504069.787,1210.398,-125.3697284,49.66489681,"Cardinal 10 m","S",NA,282,NA,NA,NA,NA,NA
"104","2021-04-09 13:31:00","Cruickshank","CRU_S4F",328998.829,5504069.787,1210.398,-125.3697284,49.66489681,"Cardinal 10 m","S",NA,332,NA,NA,NA,NA,NA
"105","2021-04-09 13:31:00","Cruickshank","CRU_S4F",328998.829,5504069.787,1210.398,-125.3697284,49.66489681,"Cardinal 10 m","E","no",314,271,4,1380,99.6071752683905,0.321313468607711
"106","2021-04-09 13:31:00","Cruickshank","CRU_S4F",328998.829,5504069.787,1210.398,-125.3697284,49.66489681,"Cardinal 10 m","E",NA,317,NA,NA,NA,NA,NA
"107","2021-04-09 13:31:00","Cruickshank","CRU_S4F",328998.829,5504069.787,1210.398,-125.3697284,49.66489681,"Cardinal 10 m","E",NA,300,NA,NA,NA,NA,NA
"108","2021-04-09 13:31:00","Cruickshank","CRU_S4F",328998.829,5504069.787,1210.398,-125.3697284,49.66489681,"Cardinal 10 m","E",NA,307,NA,NA,NA,NA,NA
"109","2021-04-09 13:31:00","Cruickshank","CRU_S4F",328998.829,5504069.787,1210.398,-125.3697284,49.66489681,"Cardinal 10 m","N","no",268,209,14,990,71.4573213881932,0.281328036961391
"110","2021-04-09 13:31:00","Cruickshank","CRU_S4F",328998.829,5504069.787,1210.398,-125.3697284,49.66489681,"Cardinal 10 m","N",NA,282,NA,NA,NA,NA,NA
"111","2021-04-09 13:31:00","Cruickshank","CRU_S4F",328998.829,5504069.787,1210.398,-125.3697284,49.66489681,"Cardinal 10 m","N",NA,307,NA,NA,NA,NA,NA
"112","2021-04-09 13:31:00","Cruickshank","CRU_S4F",328998.829,5504069.787,1210.398,-125.3697284,49.66489681,"Cardinal 10 m","N",NA,342,NA,NA,NA,NA,NA
"113","2021-04-09 13:31:00","Cruickshank","CRU_S4F",328998.829,5504069.787,1210.398,-125.3697284,49.66489681,"Cardinal 10 m","W","no",250,288,0,1540,111.155833270523,0.444623333082091
"114","2021-04-09 13:31:00","Cruickshank","CRU_S4F",328998.829,5504069.787,1210.398,-125.3697284,49.66489681,"Cardinal 10 m","W",NA,332,NA,NA,NA,NA,NA
"115","2021-04-09 13:31:00","Cruickshank","CRU_S4F",328998.829,5504069.787,1210.398,-125.3697284,49.66489681,"Cardinal 10 m","W",NA,362,NA,NA,NA,NA,NA
"116","2021-04-09 13:31:00","Cruickshank","CRU_S4F",328998.829,5504069.787,1210.398,-125.3697284,49.66489681,"Cardinal 10 m","W",NA,297,NA,NA,NA,NA,NA
"117","2021-04-09 10:52:00","Cruickshank","CRU_S2F",328740.519,5504647.014,1437.473,-125.37355734,49.67001098,"Cardinal 10 m","Centre","no",341,247,5,1020,73.622694763593,0.219115162986884
"118","2021-04-09 10:52:00","Cruickshank","CRU_S2F",328740.519,5504647.014,1437.473,-125.37355734,49.67001098,"Cardinal 10 m","W","no",371,360,3,1560,112.599415520789,0.30597667261084
"119","2021-04-09 10:52:00","Cruickshank","CRU_S2F",328740.519,5504647.014,1437.473,-125.37355734,49.67001098,"Cardinal 10 m","W",NA,344,NA,NA,NA,NA,NA
"120","2021-04-09 10:52:00","Cruickshank","CRU_S2F",328740.519,5504647.014,1437.473,-125.37355734,49.67001098,"Cardinal 10 m","W",NA,322,NA,NA,NA,NA,NA
"121","2021-04-09 10:52:00","Cruickshank","CRU_S2F",328740.519,5504647.014,1437.473,-125.37355734,49.67001098,"Cardinal 10 m","W",NA,345,NA,NA,NA,NA,NA
"122","2021-04-09 10:52:00","Cruickshank","CRU_S2F",328740.519,5504647.014,1437.473,-125.37355734,49.67001098,"Cardinal 10 m","N","no",331,283,0,1490,107.546877644856,0.324915038201983
"123","2021-04-09 10:52:00","Cruickshank","CRU_S2F",328740.519,5504647.014,1437.473,-125.37355734,49.67001098,"Cardinal 10 m","N",NA,348,NA,NA,NA,NA,NA
"124","2021-04-09 10:52:00","Cruickshank","CRU_S2F",328740.519,5504647.014,1437.473,-125.37355734,49.67001098,"Cardinal 10 m","N",NA,341,NA,NA,NA,NA,NA
"125","2021-04-09 10:52:00","Cruickshank","CRU_S2F",328740.519,5504647.014,1437.473,-125.37355734,49.67001098,"Cardinal 10 m","N",NA,363,NA,NA,NA,NA,NA
"126","2021-04-09 10:52:00","Cruickshank","CRU_S2F",328740.519,5504647.014,1437.473,-125.37355734,49.67001098,"Cardinal 10 m","S","no",352,200,2,1050,75.7880681389928,0.216537337539979
"127","2021-04-09 10:52:00","Cruickshank","CRU_S2F",328740.519,5504647.014,1437.473,-125.37355734,49.67001098,"Cardinal 10 m","S",NA,306,NA,NA,NA,NA,NA
"128","2021-04-09 10:52:00","Cruickshank","CRU_S2F",328740.519,5504647.014,1437.473,-125.37355734,49.67001098,"Cardinal 10 m","S",NA,296,NA,NA,NA,NA,NA
"129","2021-04-09 10:52:00","Cruickshank","CRU_S2F",328740.519,5504647.014,1437.473,-125.37355734,49.67001098,"Cardinal 10 m","S",NA,306,NA,NA,NA,NA,NA
"130","2021-04-09 10:52:00","Cruickshank","CRU_S2F",328740.519,5504647.014,1437.473,-125.37355734,49.67001098,"Cardinal 10 m","E","no",221,39,0,140,10.1050757518657,0.0457243246690756
"131","2021-04-09 10:52:00","Cruickshank","CRU_S2F",328740.519,5504647.014,1437.473,-125.37355734,49.67001098,"Cardinal 10 m","E",NA,340,NA,NA,NA,NA,NA
"132","2021-04-09 10:52:00","Cruickshank","CRU_S2F",328740.519,5504647.014,1437.473,-125.37355734,49.67001098,"Cardinal 10 m","E",NA,310,NA,NA,NA,NA,NA
"133","2021-04-09 10:52:00","Cruickshank","CRU_S2F",328740.519,5504647.014,1437.473,-125.37355734,49.67001098,"Cardinal 10 m","E",NA,295,NA,NA,NA,NA,NA
"134","2021-04-09 14:44:00","Cruickshank","CRU_S5O",329405.455,5503819.632,1121.618,-125.36398946,49.66276383,"Cardinal 10 m","Centre","no",297,177,1,1320,95.2764285175909,0.321879826072942
"135","2021-04-09 14:44:00","Cruickshank","CRU_S5O",329405.455,5503819.632,1121.618,-125.36398946,49.66276383,"Cardinal 10 m","S",NA,283,NA,NA,NA,NA,NA
"136","2021-04-09 14:44:00","Cruickshank","CRU_S5O",329405.455,5503819.632,1121.618,-125.36398946,49.66276383,"Cardinal 10 m","S",NA,286,NA,NA,NA,NA,NA
"137","2021-04-09 14:44:00","Cruickshank","CRU_S5O",329405.455,5503819.632,1121.618,-125.36398946,49.66276383,"Cardinal 10 m","S",NA,285,NA,NA,NA,NA,NA
"138","2021-04-09 14:44:00","Cruickshank","CRU_S5O",329405.455,5503819.632,1121.618,-125.36398946,49.66276383,"Cardinal 10 m","S",NA,332,NA,NA,NA,NA,NA
"139","2021-04-09 14:44:00","Cruickshank","CRU_S5O",329405.455,5503819.632,1121.618,-125.36398946,49.66276383,"Cardinal 10 m","S","no",277,262,0,1310,94.5546373924577,0.341352481561219
"140","2021-04-09 14:44:00","Cruickshank","CRU_S5O",329405.455,5503819.632,1121.618,-125.36398946,49.66276383,"Cardinal 10 m","E",NA,281,NA,NA,NA,NA,NA
"141","2021-04-09 14:44:00","Cruickshank","CRU_S5O",329405.455,5503819.632,1121.618,-125.36398946,49.66276383,"Cardinal 10 m","E",NA,233,NA,NA,NA,NA,NA
"142","2021-04-09 14:44:00","Cruickshank","CRU_S5O",329405.455,5503819.632,1121.618,-125.36398946,49.66276383,"Cardinal 10 m","E",NA,300,NA,NA,NA,NA,NA
"143","2021-04-09 14:44:00","Cruickshank","CRU_S5O",329405.455,5503819.632,1121.618,-125.36398946,49.66276383,"Cardinal 10 m","E",NA,317,NA,NA,NA,NA,NA
"144","2021-04-09 14:44:00","Cruickshank","CRU_S5O",329405.455,5503819.632,1121.618,-125.36398946,49.66276383,"Cardinal 10 m","W",NA,300,NA,NA,NA,NA,NA
"145","2021-04-09 14:44:00","Cruickshank","CRU_S5O",329405.455,5503819.632,1121.618,-125.36398946,49.66276383,"Cardinal 10 m","W",NA,302,NA,NA,NA,NA,NA
"146","2021-04-09 14:44:00","Cruickshank","CRU_S5O",329405.455,5503819.632,1121.618,-125.36398946,49.66276383,"Cardinal 10 m","W",NA,227,NA,NA,NA,NA,NA
"147","2021-04-09 14:44:00","Cruickshank","CRU_S5O",329405.455,5503819.632,1121.618,-125.36398946,49.66276383,"Cardinal 10 m","W",NA,230,NA,NA,NA,NA,NA
"148","2021-04-09 14:44:00","Cruickshank","CRU_S5O",329405.455,5503819.632,1121.618,-125.36398946,49.66276383,"Cardinal 10 m","W","no",298,270,NA,1530,110.434042145389,NA
"149","2021-04-09 14:44:00","Cruickshank","CRU_S5O",329405.455,5503819.632,1121.618,-125.36398946,49.66276383,"Cardinal 10 m","E","no",293,257,0,1350,97.4418018929907,0.332565876767886
"150","2021-04-09 14:44:00","Cruickshank","CRU_S5O",329405.455,5503819.632,1121.618,-125.36398946,49.66276383,"Cardinal 10 m","N",NA,337,NA,NA,NA,NA,NA
"151","2021-04-09 14:44:00","Cruickshank","CRU_S5O",329405.455,5503819.632,1121.618,-125.36398946,49.66276383,"Cardinal 10 m","N",NA,338,NA,NA,NA,NA,NA
"152","2021-04-09 14:44:00","Cruickshank","CRU_S5O",329405.455,5503819.632,1121.618,-125.36398946,49.66276383,"Cardinal 10 m","N",NA,324,NA,NA,NA,NA,NA
"153","2021-04-09 14:44:00","Cruickshank","CRU_S5O",329405.455,5503819.632,1121.618,-125.36398946,49.66276383,"Cardinal 10 m","N","no",306,278,NA,1570,113.321206645923,NA
"154","2021-04-09 12:14:00","Cruickshank","CRU_S3F",328738.669,5504269.633,1312.464,-125.37341785,49.66661899,"Cardinal 10 m","N",NA,374,NA,NA,NA,NA,NA
"155","2021-04-09 12:14:00","Cruickshank","CRU_S3F",328738.669,5504269.633,1312.464,-125.37341785,49.66661899,"Cardinal 10 m","N",NA,348,NA,NA,NA,NA,NA
"156","2021-04-09 12:14:00","Cruickshank","CRU_S3F",328738.669,5504269.633,1312.464,-125.37341785,49.66661899,"Cardinal 10 m","N",NA,382,NA,NA,NA,NA,NA
"157","2021-04-09 12:14:00","Cruickshank","CRU_S3F",328738.669,5504269.633,1312.464,-125.37341785,49.66661899,"Cardinal 10 m","N",NA,342,NA,NA,NA,NA,NA
"158","2021-04-09 12:14:00","Cruickshank","CRU_S3F",328738.669,5504269.633,1312.464,-125.37341785,49.66661899,"Cardinal 10 m","Centre","no",392,325,3,1630,117.651953396722,0.302447180968437
"159","2021-04-09 12:14:00","Cruickshank","CRU_S3F",328738.669,5504269.633,1312.464,-125.37341785,49.66661899,"Cardinal 10 m","W",NA,370,NA,NA,NA,NA,NA
"160","2021-04-09 12:14:00","Cruickshank","CRU_S3F",328738.669,5504269.633,1312.464,-125.37341785,49.66661899,"Cardinal 10 m","W",NA,324,NA,NA,NA,NA,NA
"161","2021-04-09 12:14:00","Cruickshank","CRU_S3F",328738.669,5504269.633,1312.464,-125.37341785,49.66661899,"Cardinal 10 m","W",NA,356,NA,NA,NA,NA,NA
"162","2021-04-09 12:14:00","Cruickshank","CRU_S3F",328738.669,5504269.633,1312.464,-125.37341785,49.66661899,"Cardinal 10 m","W",NA,296,NA,NA,NA,NA,NA
"163","2021-04-09 12:14:00","Cruickshank","CRU_S3F",328738.669,5504269.633,1312.464,-125.37341785,49.66661899,"Cardinal 10 m","E",NA,354,NA,NA,NA,NA,NA
"164","2021-04-09 12:14:00","Cruickshank","CRU_S3F",328738.669,5504269.633,1312.464,-125.37341785,49.66661899,"Cardinal 10 m","W","no",422,312,2,1510,108.990459895123,0.259501094988388
"165","2021-04-09 12:14:00","Cruickshank","CRU_S3F",328738.669,5504269.633,1312.464,-125.37341785,49.66661899,"Cardinal 10 m","E",NA,359,NA,NA,NA,NA,NA
"166","2021-04-09 12:14:00","Cruickshank","CRU_S3F",328738.669,5504269.633,1312.464,-125.37341785,49.66661899,"Cardinal 10 m","E",NA,294,NA,NA,NA,NA,NA
"167","2021-04-09 12:14:00","Cruickshank","CRU_S3F",328738.669,5504269.633,1312.464,-125.37341785,49.66661899,"Cardinal 10 m","E",NA,369,NA,NA,NA,NA,NA
"168","2021-04-09 12:14:00","Cruickshank","CRU_S3F",328738.669,5504269.633,1312.464,-125.37341785,49.66661899,"Cardinal 10 m","S",NA,334,NA,NA,NA,NA,NA
"169","2021-04-09 12:14:00","Cruickshank","CRU_S3F",328738.669,5504269.633,1312.464,-125.37341785,49.66661899,"Cardinal 10 m","E","no",386,305,1,1600,115.486580021322,0.299965142912526
"170","2021-04-09 12:14:00","Cruickshank","CRU_S3F",328738.669,5504269.633,1312.464,-125.37341785,49.66661899,"Cardinal 10 m","S","no",400,195,3,1230,88.7803083913916,0.223627980834739
"171","2021-04-09 12:14:00","Cruickshank","CRU_S3F",328738.669,5504269.633,1312.464,-125.37341785,49.66661899,"Cardinal 10 m","S",NA,344,NA,NA,NA,NA,NA
"172","2021-04-09 12:14:00","Cruickshank","CRU_S3F",328738.669,5504269.633,1312.464,-125.37341785,49.66661899,"Cardinal 10 m","S",NA,388,NA,NA,NA,NA,NA
"173","2021-04-09 12:14:00","Cruickshank","CRU_S3F",328738.669,5504269.633,1312.464,-125.37341785,49.66661899,"Cardinal 10 m","N","no",318,296,4,980,70.7355302630599,0.225272389372802
"174","2021-04-06 13:12:00","Cruickshank","CRU_S1A",327847.361,5504164.581,1606.868,-125.38571254,49.66542118,"Cardinal 10 m","N",NA,240,NA,NA,NA,NA,NA
"175","2021-04-06 13:12:00","Cruickshank","CRU_S1A",327847.361,5504164.581,1606.868,-125.38571254,49.66542118,"Cardinal 10 m","N",NA,245,NA,NA,NA,NA,NA
"176","2021-04-06 13:12:00","Cruickshank","CRU_S1A",327847.361,5504164.581,1606.868,-125.38571254,49.66542118,"Cardinal 10 m","N",NA,297,NA,NA,NA,NA,NA
"177","2021-04-06 13:12:00","Cruickshank","CRU_S1A",327847.361,5504164.581,1606.868,-125.38571254,49.66542118,"Cardinal 10 m","N",NA,303,NA,NA,NA,NA,NA
"178","2021-04-06 13:12:00","Cruickshank","CRU_S1A",327847.361,5504164.581,1606.868,-125.38571254,49.66542118,"Cardinal 10 m","E",NA,220,NA,NA,NA,NA,NA
"179","2021-04-06 13:12:00","Cruickshank","CRU_S1A",327847.361,5504164.581,1606.868,-125.38571254,49.66542118,"Cardinal 10 m","E",NA,290,NA,NA,NA,NA,NA
"180","2021-04-06 13:12:00","Cruickshank","CRU_S1A",327847.361,5504164.581,1606.868,-125.38571254,49.66542118,"Cardinal 10 m","E",NA,206,NA,NA,NA,NA,NA
"181","2021-04-06 13:12:00","Cruickshank","CRU_S1A",327847.361,5504164.581,1606.868,-125.38571254,49.66542118,"Cardinal 10 m","E",NA,232,NA,NA,NA,NA,NA
"182","2021-04-06 13:12:00","Cruickshank","CRU_S1A",327847.361,5504164.581,1606.868,-125.38571254,49.66542118,"Cardinal 10 m","N","no",255,246,0,1180,85.1713527657252,0.334005304963628
"183","2021-04-06 13:12:00","Cruickshank","CRU_S1A",327847.361,5504164.581,1606.868,-125.38571254,49.66542118,"Cardinal 10 m","W",NA,355,NA,NA,NA,NA,NA
"184","2021-04-06 13:12:00","Cruickshank","CRU_S1A",327847.361,5504164.581,1606.868,-125.38571254,49.66542118,"Cardinal 10 m","W",NA,303,NA,NA,NA,NA,NA
"185","2021-04-06 13:12:00","Cruickshank","CRU_S1A",327847.361,5504164.581,1606.868,-125.38571254,49.66542118,"Cardinal 10 m","W",NA,264,NA,NA,NA,NA,NA
"186","2021-04-06 13:12:00","Cruickshank","CRU_S1A",327847.361,5504164.581,1606.868,-125.38571254,49.66542118,"Cardinal 10 m","W",NA,234,NA,NA,NA,NA,NA
"187","2021-04-06 13:12:00","Cruickshank","CRU_S1A",327847.361,5504164.581,1606.868,-125.38571254,49.66542118,"Cardinal 10 m","E","no",154,147,1,500,36.0895562566632,0.23587945265793
"188","2021-04-06 13:12:00","Cruickshank","CRU_S1A",327847.361,5504164.581,1606.868,-125.38571254,49.66542118,"Cardinal 10 m","S",NA,329,NA,NA,NA,NA,NA
"189","2021-04-06 13:12:00","Cruickshank","CRU_S1A",327847.361,5504164.581,1606.868,-125.38571254,49.66542118,"Cardinal 10 m","S",NA,349,NA,NA,NA,NA,NA
"190","2021-04-06 13:12:00","Cruickshank","CRU_S1A",327847.361,5504164.581,1606.868,-125.38571254,49.66542118,"Cardinal 10 m","S",NA,257,NA,NA,NA,NA,NA
"191","2021-04-06 13:12:00","Cruickshank","CRU_S1A",327847.361,5504164.581,1606.868,-125.38571254,49.66542118,"Cardinal 10 m","S",NA,209,NA,NA,NA,NA,NA
"192","2021-04-06 13:12:00","Cruickshank","CRU_S1A",327847.361,5504164.581,1606.868,-125.38571254,49.66542118,"Cardinal 10 m","S","no",325,315,0,1580,114.042997771056,0.350901531603249
"193","2021-04-05 16:15:00","Cruickshank","CRU_WX_CAM",329597.714,5504521.572,1362.654,-125.36163317,49.66912646,"Camera + Snow Stakes",NA,NA,403,NA,NA,NA,NA,NA
"194","2021-04-05 16:15:00","Cruickshank","CRU_WX_CAM",329597.714,5504521.572,1362.654,-125.36163317,49.66912646,"Camera + Snow Stakes",NA,NA,419,NA,NA,NA,NA,NA
"195","2021-04-05 16:15:00","Cruickshank","CRU_WX_CAM",329597.714,5504521.572,1362.654,-125.36163317,49.66912646,"Camera + Snow Stakes",NA,NA,398,NA,NA,NA,NA,NA
"196","2021-04-05 16:15:00","Cruickshank","CRU_WX_CAM",329597.714,5504521.572,1362.654,-125.36163317,49.66912646,"Camera + Snow Stakes",NA,NA,395,NA,NA,NA,NA,NA
"197","2021-04-05 16:15:00","Cruickshank","CRU_WX_CAM",329597.714,5504521.572,1362.654,-125.36163317,49.66912646,"Camera + Snow Stakes",NA,NA,427,NA,NA,NA,NA,NA
"198","2021-04-07 13:18:00","Cruickshank","CRU_CAM2",330643.33,5503665.223,1015.715,-125.34678424,49.66172496,"Camera + Snow Stakes",NA,NA,302,NA,NA,NA,NA,NA
"199","2021-04-07 13:18:00","Cruickshank","CRU_CAM2",330643.33,5503665.223,1015.715,-125.34678424,49.66172496,"Camera + Snow Stakes",NA,NA,301,NA,NA,NA,NA,NA
"200","2021-04-07 13:18:00","Cruickshank","CRU_CAM2",330643.33,5503665.223,1015.715,-125.34678424,49.66172496,"Camera + Snow Stakes",NA,NA,317,NA,NA,NA,NA,NA
"201","2021-04-07 13:18:00","Cruickshank","CRU_CAM2",330643.33,5503665.223,1015.715,-125.34678424,49.66172496,"Camera + Snow Stakes",NA,NA,288,NA,NA,NA,NA,NA
"202","2021-04-07 13:18:00","Cruickshank","CRU_CAM2",330643.33,5503665.223,1015.715,-125.34678424,49.66172496,"Camera + Snow Stakes",NA,NA,287,NA,NA,NA,NA,NA
"203","2021-04-06 09:57:00","Cruickshank","CRU_N3O",328983.599,5504640.86,1414.102,-125.37018874,49.67002466,"Cardinal 10 m","W",NA,445,NA,NA,NA,NA,NA
"204","2021-04-06 09:57:00","Cruickshank","CRU_N3O",328983.599,5504640.86,1414.102,-125.37018874,49.67002466,"Cardinal 10 m","W",NA,460,NA,NA,NA,NA,NA
"205","2021-04-06 09:57:00","Cruickshank","CRU_N3O",328983.599,5504640.86,1414.102,-125.37018874,49.67002466,"Cardinal 10 m","W",NA,410,NA,NA,NA,NA,NA
"206","2021-04-06 09:57:00","Cruickshank","CRU_N3O",328983.599,5504640.86,1414.102,-125.37018874,49.67002466,"Cardinal 10 m","W",NA,380,NA,NA,NA,NA,NA
"207","2021-04-06 09:57:00","Cruickshank","CRU_N3O",328983.599,5504640.86,1414.102,-125.37018874,49.67002466,"Cardinal 10 m","S",NA,432,NA,NA,NA,NA,NA
"208","2021-04-06 09:57:00","Cruickshank","CRU_N3O",328983.599,5504640.86,1414.102,-125.37018874,49.67002466,"Cardinal 10 m","S",NA,431,NA,NA,NA,NA,NA
"209","2021-04-06 09:57:00","Cruickshank","CRU_N3O",328983.599,5504640.86,1414.102,-125.37018874,49.67002466,"Cardinal 10 m","S",NA,429,NA,NA,NA,NA,NA
"210","2021-04-06 09:57:00","Cruickshank","CRU_N3O",328983.599,5504640.86,1414.102,-125.37018874,49.67002466,"Cardinal 10 m","S",NA,420,NA,NA,NA,NA,NA
"211","2021-04-06 09:57:00","Cruickshank","CRU_N3O",328983.599,5504640.86,1414.102,-125.37018874,49.67002466,"Cardinal 10 m","E",NA,305,NA,NA,NA,NA,NA
"212","2021-04-06 09:57:00","Cruickshank","CRU_N3O",328983.599,5504640.86,1414.102,-125.37018874,49.67002466,"Cardinal 10 m","E",NA,350,NA,NA,NA,NA,NA
"213","2021-04-06 09:57:00","Cruickshank","CRU_N3O",328983.599,5504640.86,1414.102,-125.37018874,49.67002466,"Cardinal 10 m","E",NA,374,NA,NA,NA,NA,NA
"214","2021-04-06 09:57:00","Cruickshank","CRU_N3O",328983.599,5504640.86,1414.102,-125.37018874,49.67002466,"Cardinal 10 m","E",NA,411,NA,NA,NA,NA,NA
"215","2021-04-06 09:57:00","Cruickshank","CRU_N3O",328983.599,5504640.86,1414.102,-125.37018874,49.67002466,"Cardinal 10 m","N",NA,333,NA,NA,NA,NA,NA
"216","2021-04-06 09:57:00","Cruickshank","CRU_N3O",328983.599,5504640.86,1414.102,-125.37018874,49.67002466,"Cardinal 10 m","N",NA,368,NA,NA,NA,NA,NA
"217","2021-04-06 09:57:00","Cruickshank","CRU_N3O",328983.599,5504640.86,1414.102,-125.37018874,49.67002466,"Cardinal 10 m","N",NA,447,NA,NA,NA,NA,NA
"218","2021-04-06 09:57:00","Cruickshank","CRU_N3O",328983.599,5504640.86,1414.102,-125.37018874,49.67002466,"Cardinal 10 m","N",NA,441,NA,NA,NA,NA,NA
"219","2021-04-06 12:00:00","Cruickshank","CRU_N1A",328013.67,5504526.078,1582.781,-125.38356873,49.66871731,"Cardinal 10 m","Centre","no",223,190,NA,290,20.9319426288647,NA
"220","2021-04-06 12:00:00","Cruickshank","CRU_N1A",328013.67,5504526.078,1582.781,-125.38356873,49.66871731,"Cardinal 10 m","N",NA,133,NA,NA,NA,NA,NA
"221","2021-04-06 12:00:00","Cruickshank","CRU_N1A",328013.67,5504526.078,1582.781,-125.38356873,49.66871731,"Cardinal 10 m","N",NA,131,NA,NA,NA,NA,NA
"222","2021-04-06 12:00:00","Cruickshank","CRU_N1A",328013.67,5504526.078,1582.781,-125.38356873,49.66871731,"Cardinal 10 m","N",NA,141,NA,NA,NA,NA,NA
"223","2021-04-06 12:00:00","Cruickshank","CRU_N1A",328013.67,5504526.078,1582.781,-125.38356873,49.66871731,"Cardinal 10 m","N",NA,191,NA,NA,NA,NA,NA
"224","2021-04-06 12:00:00","Cruickshank","CRU_N1A",328013.67,5504526.078,1582.781,-125.38356873,49.66871731,"Cardinal 10 m","N","no",133,123,0.1,260,18.7665692534649,0.14120819603811
"225","2021-04-06 12:00:00","Cruickshank","CRU_N1A",328013.67,5504526.078,1582.781,-125.38356873,49.66871731,"Cardinal 10 m","W",NA,313,NA,NA,NA,NA,NA
"226","2021-04-06 12:00:00","Cruickshank","CRU_N1A",328013.67,5504526.078,1582.781,-125.38356873,49.66871731,"Cardinal 10 m","W",NA,319,NA,NA,NA,NA,NA
"227","2021-04-06 12:00:00","Cruickshank","CRU_N1A",328013.67,5504526.078,1582.781,-125.38356873,49.66871731,"Cardinal 10 m","W",NA,302,NA,NA,NA,NA,NA
"228","2021-04-06 12:00:00","Cruickshank","CRU_N1A",328013.67,5504526.078,1582.781,-125.38356873,49.66871731,"Cardinal 10 m","W",NA,279,NA,NA,NA,NA,NA
"229","2021-04-06 12:00:00","Cruickshank","CRU_N1A",328013.67,5504526.078,1582.781,-125.38356873,49.66871731,"Cardinal 10 m","S",NA,258,NA,NA,NA,NA,NA
"230","2021-04-06 12:00:00","Cruickshank","CRU_N1A",328013.67,5504526.078,1582.781,-125.38356873,49.66871731,"Cardinal 10 m","S",NA,280,NA,NA,NA,NA,NA
"231","2021-04-06 12:00:00","Cruickshank","CRU_N1A",328013.67,5504526.078,1582.781,-125.38356873,49.66871731,"Cardinal 10 m","S",NA,248,NA,NA,NA,NA,NA
"232","2021-04-06 12:00:00","Cruickshank","CRU_N1A",328013.67,5504526.078,1582.781,-125.38356873,49.66871731,"Cardinal 10 m","S",NA,241,NA,NA,NA,NA,NA
"233","2021-04-06 12:00:00","Cruickshank","CRU_N1A",328013.67,5504526.078,1582.781,-125.38356873,49.66871731,"Cardinal 10 m","E",NA,275,NA,NA,NA,NA,NA
"234","2021-04-06 12:00:00","Cruickshank","CRU_N1A",328013.67,5504526.078,1582.781,-125.38356873,49.66871731,"Cardinal 10 m","E",NA,260,NA,NA,NA,NA,NA
"235","2021-04-06 12:00:00","Cruickshank","CRU_N1A",328013.67,5504526.078,1582.781,-125.38356873,49.66871731,"Cardinal 10 m","E",NA,206,NA,NA,NA,NA,NA
"236","2021-04-06 12:00:00","Cruickshank","CRU_N1A",328013.67,5504526.078,1582.781,-125.38356873,49.66871731,"Cardinal 10 m","E",NA,209,NA,NA,NA,NA,NA
"237","2021-04-06 12:00:00","Cruickshank","CRU_N1A",328013.67,5504526.078,1582.781,-125.38356873,49.66871731,"Cardinal 10 m","S","no",255,247,NA,1470,106.10329539459,NA
"238","2021-04-06 12:00:00","Cruickshank","CRU_N1A",328013.67,5504526.078,1582.781,-125.38356873,49.66871731,"Cardinal 10 m","E","no",282,265,2,1540,111.155833270523,0.396985118823296
"239","2021-04-07 10:35:00","Cruickshank","CRU_E5O",329949.966,5504345.462,1180.016,-125.35667911,49.66764319,"Cardinal 10 m","N",NA,314,NA,NA,NA,NA,NA
"240","2021-04-07 10:35:00","Cruickshank","CRU_E5O",329949.966,5504345.462,1180.016,-125.35667911,49.66764319,"Cardinal 10 m","N",NA,356,NA,NA,NA,NA,NA
"241","2021-04-07 10:35:00","Cruickshank","CRU_E5O",329949.966,5504345.462,1180.016,-125.35667911,49.66764319,"Cardinal 10 m","N",NA,385,NA,NA,NA,NA,NA
"242","2021-04-07 10:35:00","Cruickshank","CRU_E5O",329949.966,5504345.462,1180.016,-125.35667911,49.66764319,"Cardinal 10 m","N",NA,416,NA,NA,NA,NA,NA
"243","2021-04-07 10:35:00","Cruickshank","CRU_E5O",329949.966,5504345.462,1180.016,-125.35667911,49.66764319,"Cardinal 10 m","W",NA,378,NA,NA,NA,NA,NA
"244","2021-04-07 10:35:00","Cruickshank","CRU_E5O",329949.966,5504345.462,1180.016,-125.35667911,49.66764319,"Cardinal 10 m","W",NA,366,NA,NA,NA,NA,NA
"245","2021-04-07 10:35:00","Cruickshank","CRU_E5O",329949.966,5504345.462,1180.016,-125.35667911,49.66764319,"Cardinal 10 m","W",NA,344,NA,NA,NA,NA,NA
"246","2021-04-07 10:35:00","Cruickshank","CRU_E5O",329949.966,5504345.462,1180.016,-125.35667911,49.66764319,"Cardinal 10 m","W",NA,370,NA,NA,NA,NA,NA
"247","2021-04-07 10:35:00","Cruickshank","CRU_E5O",329949.966,5504345.462,1180.016,-125.35667911,49.66764319,"Cardinal 10 m","E",NA,372,NA,NA,NA,NA,NA
"248","2021-04-07 10:35:00","Cruickshank","CRU_E5O",329949.966,5504345.462,1180.016,-125.35667911,49.66764319,"Cardinal 10 m","E",NA,397,NA,NA,NA,NA,NA
"249","2021-04-07 10:35:00","Cruickshank","CRU_E5O",329949.966,5504345.462,1180.016,-125.35667911,49.66764319,"Cardinal 10 m","E",NA,367,NA,NA,NA,NA,NA
"250","2021-04-07 10:35:00","Cruickshank","CRU_E5O",329949.966,5504345.462,1180.016,-125.35667911,49.66764319,"Cardinal 10 m","E",NA,388,NA,NA,NA,NA,NA
"251","2021-04-07 10:35:00","Cruickshank","CRU_E5O",329949.966,5504345.462,1180.016,-125.35667911,49.66764319,"Cardinal 10 m","N","no",300,264,3,1470,106.10329539459,0.357250152843737
"252","2021-04-07 10:35:00","Cruickshank","CRU_E5O",329949.966,5504345.462,1180.016,-125.35667911,49.66764319,"Cardinal 10 m","S",NA,321,NA,NA,NA,NA,NA
"253","2021-04-07 10:35:00","Cruickshank","CRU_E5O",329949.966,5504345.462,1180.016,-125.35667911,49.66764319,"Cardinal 10 m","S","no",340,305,3,1540,111.155833270523,0.329839267865053
"254","2021-04-07 10:35:00","Cruickshank","CRU_E5O",329949.966,5504345.462,1180.016,-125.35667911,49.66764319,"Cardinal 10 m","S",NA,265,NA,NA,NA,NA,NA
"255","2021-04-07 10:35:00","Cruickshank","CRU_E5O",329949.966,5504345.462,1180.016,-125.35667911,49.66764319,"Cardinal 10 m","S",NA,266,NA,NA,NA,NA,NA
"256","2021-04-07 10:35:00","Cruickshank","CRU_E5O",329949.966,5504345.462,1180.016,-125.35667911,49.66764319,"Cardinal 10 m","S",NA,320,NA,NA,NA,NA,NA
"257","2021-04-07 11:59:00","Cruickshank","CRU_E5F",330158.012,5504198.043,1114.765,-125.35373446,49.66637696,"Cardinal 10 m","S",NA,352,NA,NA,NA,NA,NA
"258","2021-04-07 11:59:00","Cruickshank","CRU_E5F",330158.012,5504198.043,1114.765,-125.35373446,49.66637696,"Cardinal 10 m","S",NA,353,NA,NA,NA,NA,NA
"259","2021-04-07 11:59:00","Cruickshank","CRU_E5F",330158.012,5504198.043,1114.765,-125.35373446,49.66637696,"Cardinal 10 m","S","no",295,276,0,1190,85.8931438908585,0.291163199630029
"260","2021-04-07 11:59:00","Cruickshank","CRU_E5F",330158.012,5504198.043,1114.765,-125.35373446,49.66637696,"Cardinal 10 m","S","no",330,61,2,310,22.3755248791312,0.0682180636558878
"261","2021-04-07 11:59:00","Cruickshank","CRU_E5F",330158.012,5504198.043,1114.765,-125.35373446,49.66637696,"Cardinal 10 m","S",NA,374,NA,NA,NA,NA,NA
"262","2021-04-07 11:59:00","Cruickshank","CRU_E5F",330158.012,5504198.043,1114.765,-125.35373446,49.66637696,"Cardinal 10 m","S",NA,344,NA,NA,NA,NA,NA
"263","2021-04-07 11:59:00","Cruickshank","CRU_E5F",330158.012,5504198.043,1114.765,-125.35373446,49.66637696,"Cardinal 10 m","N",NA,318,NA,NA,NA,NA,NA
"264","2021-04-07 11:59:00","Cruickshank","CRU_E5F",330158.012,5504198.043,1114.765,-125.35373446,49.66637696,"Cardinal 10 m","N",NA,264,NA,NA,NA,NA,NA
"265","2021-04-07 11:59:00","Cruickshank","CRU_E5F",330158.012,5504198.043,1114.765,-125.35373446,49.66637696,"Cardinal 10 m","N",NA,194,NA,NA,NA,NA,NA
"266","2021-04-07 11:59:00","Cruickshank","CRU_E5F",330158.012,5504198.043,1114.765,-125.35373446,49.66637696,"Cardinal 10 m","N","no",305,258,0,1260,90.9456817667914,0.298182563169808
"267","2021-04-07 11:59:00","Cruickshank","CRU_E5F",330158.012,5504198.043,1114.765,-125.35373446,49.66637696,"Cardinal 10 m","N",NA,239,NA,NA,NA,NA,NA
"268","2021-04-07 11:59:00","Cruickshank","CRU_E5F",330158.012,5504198.043,1114.765,-125.35373446,49.66637696,"Cardinal 10 m","N","no",309,29,6,150,10.826866876999,0.0357322339174884
"269","2021-04-07 11:59:00","Cruickshank","CRU_E5F",330158.012,5504198.043,1114.765,-125.35373446,49.66637696,"Cardinal 10 m","W","no",295,280,0,1270,91.6674728919246,0.310737196243812
"270","2021-04-07 11:59:00","Cruickshank","CRU_E5F",330158.012,5504198.043,1114.765,-125.35373446,49.66637696,"Cardinal 10 m","W",NA,311,NA,NA,NA,NA,NA
"271","2021-04-07 11:59:00","Cruickshank","CRU_E5F",330158.012,5504198.043,1114.765,-125.35373446,49.66637696,"Cardinal 10 m","W","no",303,21,3,100,7.21791125133265,0.0240597041711088
"272","2021-04-07 11:59:00","Cruickshank","CRU_E5F",330158.012,5504198.043,1114.765,-125.35373446,49.66637696,"Cardinal 10 m","W",NA,344,NA,NA,NA,NA,NA
"273","2021-04-07 11:59:00","Cruickshank","CRU_E5F",330158.012,5504198.043,1114.765,-125.35373446,49.66637696,"Cardinal 10 m","W",NA,346,NA,NA,NA,NA,NA
"274","2021-04-07 11:59:00","Cruickshank","CRU_E5F",330158.012,5504198.043,1114.765,-125.35373446,49.66637696,"Cardinal 10 m","E","no",314,298,1,1410,101.77254864379,0.325151912599969
"275","2021-04-07 11:59:00","Cruickshank","CRU_E5F",330158.012,5504198.043,1114.765,-125.35373446,49.66637696,"Cardinal 10 m","E",NA,320,NA,NA,NA,NA,NA
"276","2021-04-07 11:59:00","Cruickshank","CRU_E5F",330158.012,5504198.043,1114.765,-125.35373446,49.66637696,"Cardinal 10 m","E",NA,315,NA,NA,NA,NA,NA
"277","2021-04-07 11:59:00","Cruickshank","CRU_E5F",330158.012,5504198.043,1114.765,-125.35373446,49.66637696,"Cardinal 10 m","E",NA,384,NA,NA,NA,NA,NA
"278","2021-04-07 11:35:00","Cruickshank","CRU_CAM1",330133.068,5504196.401,1122.364,-125.35407913,49.66635518,"Camera + Snow Stakes",NA,NA,270,NA,NA,NA,NA,NA
"279","2021-04-07 11:35:00","Cruickshank","CRU_CAM1",330133.068,5504196.401,1122.364,-125.35407913,49.66635518,"Camera + Snow Stakes",NA,NA,273,NA,NA,NA,NA,NA
"280","2021-04-07 11:35:00","Cruickshank","CRU_CAM1",330133.068,5504196.401,1122.364,-125.35407913,49.66635518,"Camera + Snow Stakes",NA,NA,281,NA,NA,NA,NA,NA
"281","2021-04-07 11:35:00","Cruickshank","CRU_CAM1",330133.068,5504196.401,1122.364,-125.35407913,49.66635518,"Camera + Snow Stakes",NA,NA,252,NA,NA,NA,NA,NA
"282","2021-04-07 11:35:00","Cruickshank","CRU_CAM1",330133.068,5504196.401,1122.364,-125.35407913,49.66635518,"Camera + Snow Stakes",NA,NA,319,NA,NA,NA,NA,NA
"283","2021-04-06 15:31:00","Cruickshank","CRU_E3S",329432.389,5504540.275,1400.022,-125.36393053,49.6692478,"Cardinal 10 m","Centre",NA,320,NA,NA,NA,NA,NA
"284","2021-04-06 15:31:00","Cruickshank","CRU_E3S",329432.389,5504540.275,1400.022,-125.36393053,49.6692478,"Cardinal 10 m","N",NA,277,NA,NA,NA,NA,NA
"285","2021-04-06 15:31:00","Cruickshank","CRU_E3S",329432.389,5504540.275,1400.022,-125.36393053,49.6692478,"Cardinal 10 m","N",NA,311,NA,NA,NA,NA,NA
"286","2021-04-06 15:31:00","Cruickshank","CRU_E3S",329432.389,5504540.275,1400.022,-125.36393053,49.6692478,"Cardinal 10 m","N",NA,259,NA,NA,NA,NA,NA
"287","2021-04-06 15:31:00","Cruickshank","CRU_E3S",329432.389,5504540.275,1400.022,-125.36393053,49.6692478,"Cardinal 10 m","N",NA,302,NA,NA,NA,NA,NA
"288","2021-04-06 15:31:00","Cruickshank","CRU_E3S",329432.389,5504540.275,1400.022,-125.36393053,49.6692478,"Cardinal 10 m","S",NA,384,NA,NA,NA,NA,NA
"289","2021-04-06 15:31:00","Cruickshank","CRU_E3S",329432.389,5504540.275,1400.022,-125.36393053,49.6692478,"Cardinal 10 m","S",NA,322,NA,NA,NA,NA,NA
"290","2021-04-06 15:31:00","Cruickshank","CRU_E3S",329432.389,5504540.275,1400.022,-125.36393053,49.6692478,"Cardinal 10 m","S",NA,373,NA,NA,NA,NA,NA
"291","2021-04-06 15:31:00","Cruickshank","CRU_E3S",329432.389,5504540.275,1400.022,-125.36393053,49.6692478,"Cardinal 10 m","N","no",263,243,NA,760,54.8561255101281,NA
"292","2021-04-06 15:31:00","Cruickshank","CRU_E3S",329432.389,5504540.275,1400.022,-125.36393053,49.6692478,"Cardinal 10 m","S",NA,346,NA,NA,NA,NA,NA
"293","2021-04-06 15:31:00","Cruickshank","CRU_E3S",329432.389,5504540.275,1400.022,-125.36393053,49.6692478,"Cardinal 10 m","E",NA,302,NA,NA,NA,NA,NA
"294","2021-04-06 15:31:00","Cruickshank","CRU_E3S",329432.389,5504540.275,1400.022,-125.36393053,49.6692478,"Cardinal 10 m","E",NA,324,NA,NA,NA,NA,NA
"295","2021-04-06 15:31:00","Cruickshank","CRU_E3S",329432.389,5504540.275,1400.022,-125.36393053,49.6692478,"Cardinal 10 m","E",NA,289,NA,NA,NA,NA,NA
"296","2021-04-06 15:31:00","Cruickshank","CRU_E3S",329432.389,5504540.275,1400.022,-125.36393053,49.6692478,"Cardinal 10 m","E",NA,296,NA,NA,NA,NA,NA
"297","2021-04-06 15:31:00","Cruickshank","CRU_E3S",329432.389,5504540.275,1400.022,-125.36393053,49.6692478,"Cardinal 10 m","W",NA,342,NA,NA,NA,NA,NA
"298","2021-04-06 15:31:00","Cruickshank","CRU_E3S",329432.389,5504540.275,1400.022,-125.36393053,49.6692478,"Cardinal 10 m","W",NA,349,NA,NA,NA,NA,NA
"299","2021-04-06 15:31:00","Cruickshank","CRU_E3S",329432.389,5504540.275,1400.022,-125.36393053,49.6692478,"Cardinal 10 m","W",NA,319,NA,NA,NA,NA,NA
"300","2021-04-06 15:31:00","Cruickshank","CRU_E3S",329432.389,5504540.275,1400.022,-125.36393053,49.6692478,"Cardinal 10 m","W",NA,304,NA,NA,NA,NA,NA
"301","2021-04-06 15:31:00","Cruickshank","CRU_E3S",329432.389,5504540.275,1400.022,-125.36393053,49.6692478,"Cardinal 10 m","E","no",300,274,NA,1330,95.9982196427242,NA
"302","2021-04-06 15:31:00","Cruickshank","CRU_E3S",329432.389,5504540.275,1400.022,-125.36393053,49.6692478,"Cardinal 10 m","W","no",340,335,NA,1610,116.208371146456,NA
"303","2021-04-07 14:41:00","Cruickshank","CRU_E7S",330730.029,5503354.767,981.414,-125.34544972,49.65895921,"Cardinal 10 m","Centre","no",206,199,0,800,57.7432900106612,0.280307233061462
"304","2021-04-07 14:41:00","Cruickshank","CRU_E7S",330730.029,5503354.767,981.414,-125.34544972,49.65895921,"Cardinal 10 m","N","no",180,132,1,710,51.2471698844618,0.28629703846068
"305","2021-04-07 14:41:00","Cruickshank","CRU_E7S",330730.029,5503354.767,981.414,-125.34544972,49.65895921,"Cardinal 10 m","N",NA,200,NA,NA,NA,NA,NA
"306","2021-04-07 14:41:00","Cruickshank","CRU_E7S",330730.029,5503354.767,981.414,-125.34544972,49.65895921,"Cardinal 10 m","N",NA,156,NA,NA,NA,NA,NA
"307","2021-04-07 14:41:00","Cruickshank","CRU_E7S",330730.029,5503354.767,981.414,-125.34544972,49.65895921,"Cardinal 10 m","N",NA,242,NA,NA,NA,NA,NA
"308","2021-04-07 14:41:00","Cruickshank","CRU_E7S",330730.029,5503354.767,981.414,-125.34544972,49.65895921,"Cardinal 10 m","W","no",215,192,7,850,61.3522456363275,0.294962719405421
"309","2021-04-07 14:41:00","Cruickshank","CRU_E7S",330730.029,5503354.767,981.414,-125.34544972,49.65895921,"Cardinal 10 m","W",NA,220,NA,NA,NA,NA,NA
"310","2021-04-07 14:41:00","Cruickshank","CRU_E7S",330730.029,5503354.767,981.414,-125.34544972,49.65895921,"Cardinal 10 m","W",NA,210,NA,NA,NA,NA,NA
"311","2021-04-07 14:41:00","Cruickshank","CRU_E7S",330730.029,5503354.767,981.414,-125.34544972,49.65895921,"Cardinal 10 m","W",NA,210,NA,NA,NA,NA,NA
"312","2021-04-07 14:41:00","Cruickshank","CRU_E7S",330730.029,5503354.767,981.414,-125.34544972,49.65895921,"Cardinal 10 m","S","no",269,195,0,670,48.3600053839287,0.179776971687467
"313","2021-04-07 14:41:00","Cruickshank","CRU_E7S",330730.029,5503354.767,981.414,-125.34544972,49.65895921,"Cardinal 10 m","S",NA,265,NA,NA,NA,NA,NA
"314","2021-04-07 14:41:00","Cruickshank","CRU_E7S",330730.029,5503354.767,981.414,-125.34544972,49.65895921,"Cardinal 10 m","S",NA,275,NA,NA,NA,NA,NA
"315","2021-04-07 14:41:00","Cruickshank","CRU_E7S",330730.029,5503354.767,981.414,-125.34544972,49.65895921,"Cardinal 10 m","S",NA,250,NA,NA,NA,NA,NA
"316","2021-04-07 14:41:00","Cruickshank","CRU_E7S",330730.029,5503354.767,981.414,-125.34544972,49.65895921,"Cardinal 10 m","E","no",245,214,2,930,67.1265746373936,0.276241047890509
"317","2021-04-07 14:41:00","Cruickshank","CRU_E7S",330730.029,5503354.767,981.414,-125.34544972,49.65895921,"Cardinal 10 m","E",NA,155,NA,NA,NA,NA,NA
"318","2021-04-07 14:41:00","Cruickshank","CRU_E7S",330730.029,5503354.767,981.414,-125.34544972,49.65895921,"Cardinal 10 m","E",NA,222,NA,NA,NA,NA,NA
"319","2021-04-07 14:41:00","Cruickshank","CRU_E7S",330730.029,5503354.767,981.414,-125.34544972,49.65895921,"Cardinal 10 m","E",NA,255,NA,NA,NA,NA,NA
"320","2021-04-07 13:32:00","Cruickshank","CRU_E6N_C2STK4",330645.732,5503661.913,1014.59,-125.34674955,49.66169588,"Cardinal 10 m","Centre","no",270,232,0,1540,111.155833270523,0.411688271372307
"321","2021-04-07 13:32:00","Cruickshank","CRU_E6N_C2STK4",330645.732,5503661.913,1014.59,-125.34674955,49.66169588,"Cardinal 10 m","N",NA,282,NA,NA,NA,NA,NA
"322","2021-04-07 13:32:00","Cruickshank","CRU_E6N_C2STK4",330645.732,5503661.913,1014.59,-125.34674955,49.66169588,"Cardinal 10 m","N",NA,270,NA,NA,NA,NA,NA
"323","2021-04-07 13:32:00","Cruickshank","CRU_E6N_C2STK4",330645.732,5503661.913,1014.59,-125.34674955,49.66169588,"Cardinal 10 m","N",NA,190,NA,NA,NA,NA,NA
"324","2021-04-07 13:32:00","Cruickshank","CRU_E6N_C2STK4",330645.732,5503661.913,1014.59,-125.34674955,49.66169588,"Cardinal 10 m","N",NA,282,NA,NA,NA,NA,NA
"325","2021-04-07 13:32:00","Cruickshank","CRU_E6N_C2STK4",330645.732,5503661.913,1014.59,-125.34674955,49.66169588,"Cardinal 10 m","N","no",261,178,0,1570,113.321206645923,0.434180868375182
"326","2021-04-07 13:32:00","Cruickshank","CRU_E6N_C2STK4",330645.732,5503661.913,1014.59,-125.34674955,49.66169588,"Cardinal 10 m","S",NA,266,NA,NA,NA,NA,NA
"327","2021-04-07 13:32:00","Cruickshank","CRU_E6N_C2STK4",330645.732,5503661.913,1014.59,-125.34674955,49.66169588,"Cardinal 10 m","S",NA,292,NA,NA,NA,NA,NA
"328","2021-04-07 13:32:00","Cruickshank","CRU_E6N_C2STK4",330645.732,5503661.913,1014.59,-125.34674955,49.66169588,"Cardinal 10 m","S",NA,298,NA,NA,NA,NA,NA
"329","2021-04-07 13:32:00","Cruickshank","CRU_E6N_C2STK4",330645.732,5503661.913,1014.59,-125.34674955,49.66169588,"Cardinal 10 m","S",NA,291,NA,NA,NA,NA,NA
"330","2021-04-07 13:32:00","Cruickshank","CRU_E6N_C2STK4",330645.732,5503661.913,1014.59,-125.34674955,49.66169588,"Cardinal 10 m","S","no",272,252,0,1560,112.599415520789,0.413968439414666
"331","2021-04-07 13:32:00","Cruickshank","CRU_E6N_C2STK4",330645.732,5503661.913,1014.59,-125.34674955,49.66169588,"Cardinal 10 m","E","no",318,274,12,1770,127.757029148588,0.417506631204535
"332","2021-04-07 13:32:00","Cruickshank","CRU_E6N_C2STK4",330645.732,5503661.913,1014.59,-125.34674955,49.66169588,"Cardinal 10 m","E",NA,260,NA,NA,NA,NA,NA
"333","2021-04-07 13:32:00","Cruickshank","CRU_E6N_C2STK4",330645.732,5503661.913,1014.59,-125.34674955,49.66169588,"Cardinal 10 m","E",NA,222,NA,NA,NA,NA,NA
"334","2021-04-07 13:32:00","Cruickshank","CRU_E6N_C2STK4",330645.732,5503661.913,1014.59,-125.34674955,49.66169588,"Cardinal 10 m","E",NA,286,NA,NA,NA,NA,NA
"335","2021-04-07 13:32:00","Cruickshank","CRU_E6N_C2STK4",330645.732,5503661.913,1014.59,-125.34674955,49.66169588,"Cardinal 10 m","W","no",250,180,3,1080,77.9534415143926,0.315600977791063
"336","2021-04-07 13:32:00","Cruickshank","CRU_E6N_C2STK4",330645.732,5503661.913,1014.59,-125.34674955,49.66169588,"Cardinal 10 m","W",NA,304,NA,NA,NA,NA,NA
"337","2021-04-07 13:32:00","Cruickshank","CRU_E6N_C2STK4",330645.732,5503661.913,1014.59,-125.34674955,49.66169588,"Cardinal 10 m","W",NA,327,NA,NA,NA,NA,NA
"338","2021-04-07 13:32:00","Cruickshank","CRU_E6N_C2STK4",330645.732,5503661.913,1014.59,-125.34674955,49.66169588,"Cardinal 10 m","W",NA,301,NA,NA,NA,NA,NA
"339","2021-04-06 13:12:00","Cruickshank","CRU_S1A",327847.361,5504164.581,1606.868,-125.38571254,49.66542118,"Cardinal 10 m","Centre","yes",316,328,0,1630,117.651953396722,0.372316308217475
"340","2021-04-06 13:12:00","Cruickshank","CRU_S1A",327847.361,5504164.581,1606.868,-125.38571254,49.66542118,"Cardinal 10 m","W","yes",371,392,1,1910,137.862104900454,0.372600283514739
"341","2021-04-06 09:57:00","Cruickshank","CRU_N3O",328983.599,5504640.86,1414.102,-125.37018874,49.67002466,"Cardinal 10 m","Centre","yes",424,468,4,2390,172.50807890685,0.410733521206786
"342","2021-04-06 12:00:00","Cruickshank","CRU_N1A",328013.67,5504526.078,1582.781,-125.38356873,49.66871731,"Cardinal 10 m","W","yes",310,305,0,1780,128.478820273721,0.414447807334584
"343","2021-04-07 10:35:00","Cruickshank","CRU_E5O",329949.966,5504345.462,1180.016,-125.35667911,49.66764319,"Cardinal 10 m","Centre","yes",327,308,0,1480,106.825086519723,0.326682221772854
"344","2021-04-07 10:35:00","Cruickshank","CRU_E5O",329949.966,5504345.462,1180.016,-125.35667911,49.66764319,"Cardinal 10 m","E","yes",365,330,0.5,1890,136.418522650187,0.374262064883915
"345","2021-04-07 10:35:00","Cruickshank","CRU_E5O",329949.966,5504345.462,1180.016,-125.35667911,49.66764319,"Cardinal 30 m","E","yes",365,330,0.5,1890,136.418522650187,0.374262064883915
"346","2021-04-07 11:59:00","Cruickshank","CRU_E5F",330158.012,5504198.043,1114.765,-125.35373446,49.66637696,"Cardinal 10 m","Centre","yes",315,297,5,1440,103.93792201919,0.335283619416742
"347","2021-04-06 15:31:00","Cruickshank","CRU_E3S",329432.389,5504540.275,1400.022,-125.36393053,49.6692478,"Cardinal 10 m","Centre","yes",298,306,0,3740,269.949880799841,0.905872083220943
"348","2021-04-06 15:31:00","Cruickshank","CRU_E3S",329432.389,5504540.275,1400.022,-125.36393053,49.6692478,"Cardinal 10 m","S","yes",381,398,0,1070,77.2316503892593,0.20270774380383
"349","2021-04-05 05:30:00","Cruickshank","CRU_snowsurvey",329584.78,5504523.844,1362.723,-125.36181325,49.66914322,"wx_snow_survey",NA,"yes",411,405,10,2130,153.721577746312,0.383345580414743
"350","2021-04-05 05:30:00","Cruickshank","CRU_snowsurvey",329584.78,5504523.844,1362.723,-125.36181325,49.66914322,"wx_snow_survey",NA,"yes",406,406,2,1890,136.400836591798,0.337625833148014
"351","2021-04-05 05:30:00","Cruickshank","CRU_snowsurvey",329584.78,5504523.844,1362.723,-125.36181325,49.66914322,"wx_snow_survey",NA,"yes",417,407,13,1730,124.853675822122,0.309043752034955
"352","2021-04-05 05:30:00","Cruickshank","CRU_snowsurvey",329584.78,5504523.844,1362.723,-125.36181325,49.66914322,"wx_snow_survey",NA,"yes",404,394,0,360,25.981111731771,0.0643096825043837
"353","2021-04-05 05:30:00","Cruickshank","CRU_snowsurvey",329584.78,5504523.844,1362.723,-125.36181325,49.66914322,"wx_snow_survey",NA,"yes",404,419,2,690,49.7971308192278,0.123873459749323
"354","2021-04-05 05:30:00","Cruickshank","CRU_snowsurvey",329584.78,5504523.844,1362.723,-125.36181325,49.66914322,"wx_snow_survey",NA,"yes",403,404,11,1380,99.5942616384555,0.254066993975652
"355","2021-04-05 05:30:00","Cruickshank","CRU_snowsurvey",329584.78,5504523.844,1362.723,-125.36181325,49.66914322,"wx_snow_survey",NA,"yes",397,386,0,1560,112.584817504341,0.283588960968113
"356","2021-04-05 05:30:00","Cruickshank","CRU_snowsurvey",329584.78,5504523.844,1362.723,-125.36181325,49.66914322,"wx_snow_survey",NA,"yes",377,398,4,1710,123.410280725912,0.330858661463572
"357","2021-04-05 06:00:00","Cruickshank","CRU_snowpillow",329589.58,5504502.042,1364.033,-125.36173729,49.66894864,"wx_snow_survey",NA,"yes",377,422,0,1330,95.9857738979318,0.254604174795575
"358","2021-04-05 06:00:00","Cruickshank","CRU_WX_SR50",329591.912,5504506.718,1364.332,-125.36170704,49.66899133,"wx_snow_survey",NA,NA,408,NA,NA,NA,NA,NA
