"ACO_Flight_Number","plot_datetime","Study_Area","Plot_ID","easting","northing","elev_ellipsoidal","lon","lat","plot_type","cardinal_direction","multi_core","depth","core","plug","mass","SWE","density"
1,2021-03-09 12:11:00,"Tsitika","2101",687709.047,5576465.258,1244.479,-126.36363754,50.31037912,NA,"E",NA,249,NA,NA,NA,NA,NA
1,2021-03-09 12:11:00,"Tsitika","2101",687709.047,5576465.258,1244.479,-126.36363754,50.31037912,NA,"E",NA,246,NA,NA,NA,NA,NA
1,2021-03-09 12:11:00,"Tsitika","2101",687709.047,5576465.258,1244.479,-126.36363754,50.31037912,NA,"E",NA,147,NA,NA,NA,NA,NA
1,2021-03-09 12:11:00,"Tsitika","2101",687709.047,5576465.258,1244.479,-126.36363754,50.31037912,NA,"W",NA,278,NA,NA,NA,NA,NA
1,2021-03-09 12:11:00,"Tsitika","2101",687709.047,5576465.258,1244.479,-126.36363754,50.31037912,NA,"W",NA,288,NA,NA,NA,NA,NA
1,2021-03-09 12:11:00,"Tsitika","2101",687709.047,5576465.258,1244.479,-126.36363754,50.31037912,NA,"W",NA,285,NA,NA,NA,NA,NA
1,2021-03-09 12:11:00,"Tsitika","2101",687709.047,5576465.258,1244.479,-126.36363754,50.31037912,NA,"N",NA,177,NA,NA,NA,NA,NA
1,2021-03-09 12:11:00,"Tsitika","2101",687709.047,5576465.258,1244.479,-126.36363754,50.31037912,NA,"N",NA,287,NA,NA,NA,NA,NA
1,2021-03-09 12:11:00,"Tsitika","2101",687709.047,5576465.258,1244.479,-126.36363754,50.31037912,NA,"N",NA,291,NA,NA,NA,NA,NA
1,2021-03-09 12:11:00,"Tsitika","2101",687709.047,5576465.258,1244.479,-126.36363754,50.31037912,NA,"S",NA,266,NA,NA,NA,NA,NA
1,2021-03-09 12:11:00,"Tsitika","2101",687709.047,5576465.258,1244.479,-126.36363754,50.31037912,NA,"S",NA,261,NA,NA,NA,NA,NA
1,2021-03-09 12:11:00,"Tsitika","2101",687709.047,5576465.258,1244.479,-126.36363754,50.31037912,NA,"S",NA,270,NA,NA,NA,NA,NA
1,2021-03-09 12:11:00,"Tsitika","2101",687709.047,5576465.258,1244.479,-126.36363754,50.31037912,NA,"E",NA,248,158,8,560,40.4203030074628,0.168417929197762
1,2021-03-09 12:11:00,"Tsitika","2101",687709.047,5576465.258,1244.479,-126.36363754,50.31037912,NA,"Centre",NA,270,243,0,650,46.9164231336622,0.173764530124675
1,2021-03-09 12:11:00,"Tsitika","2101",687709.047,5576465.258,1244.479,-126.36363754,50.31037912,NA,"W",NA,229,194,0.1,750,54.1343343849949,0.236497747422433
1,2021-03-09 13:34:00,"Tsitika","2102",687780.589,5576288.816,1274.848,-126.3627216,50.30877118,NA,"Centre",NA,276,NA,NA,NA,NA,NA
1,2021-03-09 13:34:00,"Tsitika","2102",687780.589,5576288.816,1274.848,-126.3627216,50.30877118,NA,"E",NA,295,NA,NA,NA,NA,NA
1,2021-03-09 13:34:00,"Tsitika","2102",687780.589,5576288.816,1274.848,-126.3627216,50.30877118,NA,"E",NA,295,NA,NA,NA,NA,NA
1,2021-03-09 13:34:00,"Tsitika","2102",687780.589,5576288.816,1274.848,-126.3627216,50.30877118,NA,"E",NA,295,NA,NA,NA,NA,NA
1,2021-03-09 13:34:00,"Tsitika","2102",687780.589,5576288.816,1274.848,-126.3627216,50.30877118,NA,"E",NA,290,NA,NA,NA,NA,NA
1,2021-03-09 13:34:00,"Tsitika","2102",687780.589,5576288.816,1274.848,-126.3627216,50.30877118,NA,"N",NA,275,NA,NA,NA,NA,NA
1,2021-03-09 13:34:00,"Tsitika","2102",687780.589,5576288.816,1274.848,-126.3627216,50.30877118,NA,"N",NA,315,NA,NA,NA,NA,NA
1,2021-03-09 13:34:00,"Tsitika","2102",687780.589,5576288.816,1274.848,-126.3627216,50.30877118,NA,"N",NA,290,NA,NA,NA,NA,NA
1,2021-03-09 13:34:00,"Tsitika","2102",687780.589,5576288.816,1274.848,-126.3627216,50.30877118,NA,"N",NA,267,NA,NA,NA,NA,NA
1,2021-03-09 13:34:00,"Tsitika","2102",687780.589,5576288.816,1274.848,-126.3627216,50.30877118,NA,"W",NA,255,NA,NA,NA,NA,NA
1,2021-03-09 13:34:00,"Tsitika","2102",687780.589,5576288.816,1274.848,-126.3627216,50.30877118,NA,"W",NA,260,NA,NA,NA,NA,NA
1,2021-03-09 13:34:00,"Tsitika","2102",687780.589,5576288.816,1274.848,-126.3627216,50.30877118,NA,"W",NA,293,NA,NA,NA,NA,NA
1,2021-03-09 13:34:00,"Tsitika","2102",687780.589,5576288.816,1274.848,-126.3627216,50.30877118,NA,"W",NA,270,NA,NA,NA,NA,NA
1,2021-03-09 13:34:00,"Tsitika","2102",687780.589,5576288.816,1274.848,-126.3627216,50.30877118,NA,"S",NA,286,NA,NA,NA,NA,NA
1,2021-03-09 13:34:00,"Tsitika","2102",687780.589,5576288.816,1274.848,-126.3627216,50.30877118,NA,"S",NA,245,NA,NA,NA,NA,NA
1,2021-03-09 13:34:00,"Tsitika","2102",687780.589,5576288.816,1274.848,-126.3627216,50.30877118,NA,"S",NA,267,NA,NA,NA,NA,NA
1,2021-03-09 13:34:00,"Tsitika","2102",687780.589,5576288.816,1274.848,-126.3627216,50.30877118,NA,"S",NA,277,NA,NA,NA,NA,NA
1,2021-03-09 14:44:53,"Tsitika","2104",687792.846,5576225.132,1331.262,-126.36258132,50.30819514,NA,"S",NA,245,NA,NA,NA,NA,NA
1,2021-03-09 14:44:53,"Tsitika","2104",687792.846,5576225.132,1331.262,-126.36258132,50.30819514,NA,"S",NA,200,NA,NA,NA,NA,NA
1,2021-03-09 14:44:53,"Tsitika","2104",687792.846,5576225.132,1331.262,-126.36258132,50.30819514,NA,"S",NA,188,NA,NA,NA,NA,NA
1,2021-03-09 14:44:53,"Tsitika","2104",687792.846,5576225.132,1331.262,-126.36258132,50.30819514,NA,"S",NA,240,204,4,760,54.8561255101281,0.232441209788678
1,2021-03-09 14:44:53,"Tsitika","2104",687792.846,5576225.132,1331.262,-126.36258132,50.30819514,NA,"N",NA,223,NA,NA,NA,NA,NA
1,2021-03-09 14:44:53,"Tsitika","2104",687792.846,5576225.132,1331.262,-126.36258132,50.30819514,NA,"Centre",NA,184,87,3,410,29.5934361304639,0.163499647129635
1,2021-03-09 14:44:53,"Tsitika","2104",687792.846,5576225.132,1331.262,-126.36258132,50.30819514,NA,"N",NA,201,NA,NA,NA,NA,NA
1,2021-03-09 14:44:53,"Tsitika","2104",687792.846,5576225.132,1331.262,-126.36258132,50.30819514,NA,"N",NA,201,NA,NA,NA,NA,NA
1,2021-03-09 14:44:53,"Tsitika","2104",687792.846,5576225.132,1331.262,-126.36258132,50.30819514,NA,"N",NA,243,207,0,830,59.908663386061,0.246537709407658
1,2021-03-09 14:44:53,"Tsitika","2104",687792.846,5576225.132,1331.262,-126.36258132,50.30819514,NA,"W",NA,208,NA,NA,NA,NA,NA
1,2021-03-09 14:44:53,"Tsitika","2104",687792.846,5576225.132,1331.262,-126.36258132,50.30819514,NA,"W",NA,240,NA,NA,NA,NA,NA
1,2021-03-09 14:44:53,"Tsitika","2104",687792.846,5576225.132,1331.262,-126.36258132,50.30819514,NA,"W",NA,231,NA,NA,NA,NA,NA
1,2021-03-09 14:44:53,"Tsitika","2104",687792.846,5576225.132,1331.262,-126.36258132,50.30819514,NA,"E",NA,201,160,1,620,44.7510497582624,0.223755248791312
1,2021-03-09 14:44:53,"Tsitika","2104",687792.846,5576225.132,1331.262,-126.36258132,50.30819514,NA,"E",NA,215,NA,NA,NA,NA,NA
1,2021-03-09 14:44:53,"Tsitika","2104",687792.846,5576225.132,1331.262,-126.36258132,50.30819514,NA,"E",NA,218,NA,NA,NA,NA,NA
1,2021-03-09 14:44:53,"Tsitika","2104",687792.846,5576225.132,1331.262,-126.36258132,50.30819514,NA,"E",NA,250,NA,NA,NA,NA,NA
1,2021-03-09 14:44:53,"Tsitika","2104",687792.846,5576225.132,1331.262,-126.36258132,50.30819514,NA,"W",NA,225,185,1,750,54.1343343849949,0.241671135647298
1,2021-03-11 10:56:00,"Tsitika","2106",687843.532,5576192.942,1351.823,-126.36188628,50.3078898,NA,"N",NA,201,NA,NA,NA,NA,NA
1,2021-03-11 10:56:00,"Tsitika","2106",687843.532,5576192.942,1351.823,-126.36188628,50.3078898,NA,"N",NA,214,NA,NA,NA,NA,NA
1,2021-03-11 10:56:00,"Tsitika","2106",687843.532,5576192.942,1351.823,-126.36188628,50.3078898,NA,"N",NA,214,NA,NA,NA,NA,NA
1,2021-03-11 10:56:00,"Tsitika","2106",687843.532,5576192.942,1351.823,-126.36188628,50.3078898,NA,"N",NA,201,NA,NA,NA,NA,NA
1,2021-03-11 10:56:00,"Tsitika","2106",687843.532,5576192.942,1351.823,-126.36188628,50.3078898,NA,"Centre",NA,224,NA,NA,NA,NA,NA
1,2021-03-11 10:56:00,"Tsitika","2106",687843.532,5576192.942,1351.823,-126.36188628,50.3078898,NA,"W",NA,239,NA,NA,NA,NA,NA
1,2021-03-11 10:56:00,"Tsitika","2106",687843.532,5576192.942,1351.823,-126.36188628,50.3078898,NA,"W",NA,239,NA,NA,NA,NA,NA
1,2021-03-11 10:56:00,"Tsitika","2106",687843.532,5576192.942,1351.823,-126.36188628,50.3078898,NA,"W",NA,226,NA,NA,NA,NA,NA
1,2021-03-11 10:56:00,"Tsitika","2106",687843.532,5576192.942,1351.823,-126.36188628,50.3078898,NA,"W",NA,199,NA,NA,NA,NA,NA
1,2021-03-11 10:56:00,"Tsitika","2106",687843.532,5576192.942,1351.823,-126.36188628,50.3078898,NA,"S",NA,231,NA,NA,NA,NA,NA
1,2021-03-11 10:56:00,"Tsitika","2106",687843.532,5576192.942,1351.823,-126.36188628,50.3078898,NA,"S",NA,218,NA,NA,NA,NA,NA
1,2021-03-11 10:56:00,"Tsitika","2106",687843.532,5576192.942,1351.823,-126.36188628,50.3078898,NA,"S",NA,217,NA,NA,NA,NA,NA
1,2021-03-11 10:56:00,"Tsitika","2106",687843.532,5576192.942,1351.823,-126.36188628,50.3078898,NA,"S",NA,181,NA,NA,NA,NA,NA
1,2021-03-11 10:56:00,"Tsitika","2106",687843.532,5576192.942,1351.823,-126.36188628,50.3078898,NA,"E",NA,231,NA,NA,NA,NA,NA
1,2021-03-11 10:56:00,"Tsitika","2106",687843.532,5576192.942,1351.823,-126.36188628,50.3078898,NA,"E",NA,234,NA,NA,NA,NA,NA
1,2021-03-11 10:56:00,"Tsitika","2106",687843.532,5576192.942,1351.823,-126.36188628,50.3078898,NA,"E",NA,220,NA,NA,NA,NA,NA
1,2021-03-11 10:56:00,"Tsitika","2106",687843.532,5576192.942,1351.823,-126.36188628,50.3078898,NA,"E",NA,166,NA,NA,NA,NA,NA
1,2021-03-11 11:53:00,"Tsitika","2107",687946.899,5576144.476,1404.741,-126.36046033,50.30742144,NA,"W",NA,310,NA,NA,NA,NA,NA
1,2021-03-11 11:53:00,"Tsitika","2107",687946.899,5576144.476,1404.741,-126.36046033,50.30742144,NA,"N",NA,318,NA,NA,NA,NA,NA
1,2021-03-11 11:53:00,"Tsitika","2107",687946.899,5576144.476,1404.741,-126.36046033,50.30742144,NA,"E",NA,299,NA,NA,NA,NA,NA
1,2021-03-11 11:53:00,"Tsitika","2107",687946.899,5576144.476,1404.741,-126.36046033,50.30742144,NA,"Centre",NA,319,NA,NA,NA,NA,NA
1,2021-03-11 11:53:00,"Tsitika","2107",687946.899,5576144.476,1404.741,-126.36046033,50.30742144,NA,"S",NA,320,NA,NA,NA,NA,NA
1,2021-03-09 11:40:00,"Tsitika","3",687655.13,5577234.031,1010.587,-126.36401183,50.31730297,NA,"Centre",NA,222,NA,NA,NA,NA,NA
1,2021-03-09 11:40:00,"Tsitika","3",687655.13,5577234.031,1010.587,-126.36401183,50.31730297,NA,"N",NA,226,NA,NA,NA,NA,NA
1,2021-03-09 11:40:00,"Tsitika","3",687655.13,5577234.031,1010.587,-126.36401183,50.31730297,NA,"N",NA,245,NA,NA,NA,NA,NA
1,2021-03-09 11:40:00,"Tsitika","3",687655.13,5577234.031,1010.587,-126.36401183,50.31730297,NA,"N",NA,233,NA,NA,NA,NA,NA
1,2021-03-09 11:40:00,"Tsitika","3",687655.13,5577234.031,1010.587,-126.36401183,50.31730297,NA,"S",NA,238,NA,NA,NA,NA,NA
1,2021-03-09 11:40:00,"Tsitika","3",687655.13,5577234.031,1010.587,-126.36401183,50.31730297,NA,"S",NA,202,NA,NA,NA,NA,NA
1,2021-03-09 11:40:00,"Tsitika","3",687655.13,5577234.031,1010.587,-126.36401183,50.31730297,NA,"S",NA,213,NA,NA,NA,NA,NA
1,2021-03-09 11:40:00,"Tsitika","3",687655.13,5577234.031,1010.587,-126.36401183,50.31730297,NA,"E",NA,239,NA,NA,NA,NA,NA
1,2021-03-09 11:40:00,"Tsitika","3",687655.13,5577234.031,1010.587,-126.36401183,50.31730297,NA,"E",NA,219,NA,NA,NA,NA,NA
1,2021-03-09 11:40:00,"Tsitika","3",687655.13,5577234.031,1010.587,-126.36401183,50.31730297,NA,"E",NA,292,NA,NA,NA,NA,NA
1,2021-03-09 11:40:00,"Tsitika","3",687655.13,5577234.031,1010.587,-126.36401183,50.31730297,NA,"W",NA,195,NA,NA,NA,NA,NA
1,2021-03-09 11:40:00,"Tsitika","3",687655.13,5577234.031,1010.587,-126.36401183,50.31730297,NA,"W",NA,199,NA,NA,NA,NA,NA
1,2021-03-09 11:40:00,"Tsitika","3",687655.13,5577234.031,1010.587,-126.36401183,50.31730297,NA,"W",NA,219,NA,NA,NA,NA,NA
1,2021-03-09 11:40:00,"Tsitika","3",687655.13,5577234.031,1010.587,-126.36401183,50.31730297,NA,"N",NA,200,NA,NA,NA,NA,NA
1,2021-03-09 11:40:00,"Tsitika","3",687655.13,5577234.031,1010.587,-126.36401183,50.31730297,NA,"E",NA,273,NA,NA,NA,NA,NA
1,2021-03-09 11:40:00,"Tsitika","3",687655.13,5577234.031,1010.587,-126.36401183,50.31730297,NA,"S",NA,323,NA,NA,NA,NA,NA
1,2021-03-09 11:40:00,"Tsitika","3",687655.13,5577234.031,1010.587,-126.36401183,50.31730297,NA,"W",NA,239,NA,NA,NA,NA,NA
1,NA,"Tsitika","600",687639.213,5577179.617,1009.317,-126.36426222,50.31681918,NA,"N",NA,66,36,2,130,9.38328462673244,0.146613822292694
1,NA,"Tsitika","600",687639.213,5577179.617,1009.317,-126.36426222,50.31681918,NA,"N",NA,90,NA,NA,NA,NA,NA
1,NA,"Tsitika","600",687639.213,5577179.617,1009.317,-126.36426222,50.31681918,NA,"N",NA,173,NA,NA,NA,NA,NA
1,NA,"Tsitika","600",687639.213,5577179.617,1009.317,-126.36426222,50.31681918,NA,"N",NA,210,NA,NA,NA,NA,NA
1,NA,"Tsitika","600",687639.213,5577179.617,1009.317,-126.36426222,50.31681918,NA,"Centre",NA,155,103,3,590,42.5856763828626,0.280168923571465
1,NA,"Tsitika","600",687639.213,5577179.617,1009.317,-126.36426222,50.31681918,NA,"S",NA,116,83,0.1,290,20.9319426288647,0.180603473933259
1,NA,"Tsitika","600",687639.213,5577179.617,1009.317,-126.36426222,50.31681918,NA,"S",NA,140,NA,NA,NA,NA,NA
1,NA,"Tsitika","600",687639.213,5577179.617,1009.317,-126.36426222,50.31681918,NA,"S",NA,170,NA,NA,NA,NA,NA
1,NA,"Tsitika","600",687639.213,5577179.617,1009.317,-126.36426222,50.31681918,NA,"S",NA,143,NA,NA,NA,NA,NA
1,NA,"Tsitika","600",687639.213,5577179.617,1009.317,-126.36426222,50.31681918,NA,"E",NA,142,NA,NA,NA,NA,NA
1,NA,"Tsitika","600",687639.213,5577179.617,1009.317,-126.36426222,50.31681918,NA,"E",NA,161,NA,NA,NA,NA,NA
1,NA,"Tsitika","600",687639.213,5577179.617,1009.317,-126.36426222,50.31681918,NA,"E",NA,193,NA,NA,NA,NA,NA
1,NA,"Tsitika","600",687639.213,5577179.617,1009.317,-126.36426222,50.31681918,NA,"E",NA,124,96,1,380,27.4280627550641,0.222992380122472
1,NA,"Tsitika","600",687639.213,5577179.617,1009.317,-126.36426222,50.31681918,NA,"W",NA,148,132,0.1,560,40.4203030074628,0.273294814114015
1,NA,"Tsitika","600",687639.213,5577179.617,1009.317,-126.36426222,50.31681918,NA,"W",NA,151,NA,NA,NA,NA,NA
1,NA,"Tsitika","600",687639.213,5577179.617,1009.317,-126.36426222,50.31681918,NA,"W",NA,151,NA,NA,NA,NA,NA
1,NA,"Tsitika","600",687639.213,5577179.617,1009.317,-126.36426222,50.31681918,NA,"W",NA,149,NA,NA,NA,NA,NA
1,2021-03-12 13:08:00,"Tsitika","R5 camera",688466.99,5577915.725,771.268,-126.35228013,50.32316828,NA,NA,NA,18,17,3,50,3.60895562566632,0.240597041711088
1,2021-03-12 13:08:00,"Tsitika","R5 camera",688466.99,5577915.725,771.268,-126.35228013,50.32316828,NA,NA,NA,16,16,1,60,4.33074675079959,0.288716450053306
1,2021-03-12 13:08:00,"Tsitika","R5 camera",688466.99,5577915.725,771.268,-126.35228013,50.32316828,NA,NA,NA,20,17,0,50,3.60895562566632,0.180447781283316
1,2021-03-12 13:08:00,"Tsitika","R5 camera",688466.99,5577915.725,771.268,-126.35228013,50.32316828,NA,NA,NA,28,NA,NA,NA,NA,NA
1,2021-03-12 13:08:00,"Tsitika","R5 camera",688466.99,5577915.725,771.268,-126.35228013,50.32316828,NA,NA,NA,28,NA,NA,NA,NA,NA
1,2021-03-11 12:57:45,"Tsitika","Steph 1",688227.694,5576005.444,-0.189,-126.35659057,50.30608283,NA,NA,NA,220,208,0,880,63.5176190117273,0.288716450053306
1,2021-03-11 13:07:23,"Tsitika","Steph 1",688227.694,5576005.444,-0.189,-126.35659057,50.30608283,NA,NA,NA,190,185,0,880,63.5176190117273,0.334303257956459
1,2021-03-11 13:12:31,"Tsitika","Steph 1",688227.694,5576005.444,-0.189,-126.35659057,50.30608283,NA,NA,NA,281,251,0.1,1390,100.328966393524,0.357169691682178
1,2021-03-11 13:28:27,"Tsitika","Steph 1",688227.694,5576005.444,-0.189,-126.35659057,50.30608283,NA,NA,NA,276,260,0,1320,95.2764285175909,0.345204451150692
1,2021-03-11 13:32:04,"Tsitika","Steph 1",688227.694,5576005.444,-0.189,-126.35659057,50.30608283,NA,NA,NA,285,239,2,1280,92.3892640170579,0.326463830448968
1,2021-03-11 13:49:47,"Tsitika","Steph 1",688227.694,5576005.444,-0.189,-126.35659057,50.30608283,NA,NA,NA,283,278,5,1400,101.050757518657,0.363491933520349
1,2021-03-11 13:59:35,"Tsitika","Steph 1",688227.694,5576005.444,-0.189,-126.35659057,50.30608283,NA,NA,NA,259,253,6,1150,83.0059793903254,0.328086875060575
1,2021-03-11 14:02:33,"Tsitika","Steph 1",688227.694,5576005.444,-0.189,-126.35659057,50.30608283,NA,NA,NA,241,224,1,1070,77.2316503892593,0.32179854328858
1,2021-03-11 14:04:43,"Tsitika","Steph 1",688227.694,5576005.444,-0.189,-126.35659057,50.30608283,NA,NA,NA,257,250,10,1115,80.479710452359,0.325828787256514
1,2021-03-11 14:08:07,"Tsitika","Steph 1",688227.694,5576005.444,-0.189,-126.35659057,50.30608283,NA,NA,NA,205,200,4,870,62.795827886594,0.312417054162159
1,2021-03-11 15:35:11,"Tsitika","Steph 2",687654.618,5576688.533,-0.189,-126.36429017,50.31240236,NA,NA,NA,238,218,0,960,69.2919480127934,0.291142638709216
1,2021-03-11 15:37:29,"Tsitika","Steph 2",687654.618,5576688.533,-0.189,-126.36429017,50.31240236,NA,NA,NA,245,205,0,920,66.4047835122604,0.271039932703104
1,2021-03-11 15:41:08,"Tsitika","Steph 2",687654.618,5576688.533,-0.189,-126.36429017,50.31240236,NA,NA,NA,243,225,0,1020,73.622694763593,0.302974052525074
1,2021-03-11 15:42:33,"Tsitika","Steph 2",687654.618,5576688.533,-0.189,-126.36429017,50.31240236,NA,NA,NA,241,218,0,850,61.3522456363275,0.254573633345757
1,2021-03-11 15:44:07,"Tsitika","Steph 2",687654.618,5576688.533,-0.189,-126.36429017,50.31240236,NA,NA,NA,237,220,0,1000,72.1791125133265,0.304553217355808
1,2021-03-11 15:46:14,"Tsitika","Steph 2",687654.618,5576688.533,-0.189,-126.36429017,50.31240236,NA,NA,NA,238,215,0,950,68.5701568876601,0.288109902889328
1,2021-03-11 15:48:09,"Tsitika","Steph 2",687654.618,5576688.533,-0.189,-126.36429017,50.31240236,NA,NA,NA,234,221,0,910,65.6829923871271,0.280696548662936
1,2021-03-11 15:49:42,"Tsitika","Steph 2",687654.618,5576688.533,-0.189,-126.36429017,50.31240236,NA,NA,NA,235,219,0,890,64.2394101368606,0.273359192071747
1,2021-03-11 15:51:14,"Tsitika","Steph 2",687654.618,5576688.533,-0.189,-126.36429017,50.31240236,NA,NA,NA,240,214,0,900,64.9612012619938,0.270671671924974
1,2021-03-11 15:52:31,"Tsitika","Steph 2",687654.618,5576688.533,-0.189,-126.36429017,50.31240236,NA,NA,NA,243,215,0,900,64.9612012619938,0.267330046345654
1,2021-03-18 12:19:52,"Tsitika","Steph 3",687712.611,5577321.719,-0.189,-126.3631617,50.31807247,NA,NA,NA,130,106,0,380,27.4280627550641,0.210985098115877
1,2021-03-18 12:20:44,"Tsitika","Steph 3",687712.611,5577321.719,-0.189,-126.3631617,50.31807247,NA,NA,NA,131,101,0,410,29.5934361304639,0.225904092598961
1,2021-03-18 12:21:06,"Tsitika","Steph 3",687712.611,5577321.719,-0.189,-126.3631617,50.31807247,NA,NA,NA,134,111,0,400,28.8716450053306,0.215460037353213
1,2021-03-18 12:21:31,"Tsitika","Steph 3",687712.611,5577321.719,-0.189,-126.3631617,50.31807247,NA,NA,NA,137,99,0,320,23.0973160042645,0.168593547476383
1,2021-03-18 12:22:13,"Tsitika","Steph 3",687712.611,5577321.719,-0.189,-126.3631617,50.31807247,NA,NA,NA,136,130,0,480,34.6459740063967,0.254749808870564
1,2021-03-18 12:22:45,"Tsitika","Steph 3",687712.611,5577321.719,-0.189,-126.3631617,50.31807247,NA,NA,NA,140,121,0,470,33.9241828812634,0.242315592009025
1,2021-03-18 12:23:11,"Tsitika","Steph 3",687712.611,5577321.719,-0.189,-126.3631617,50.31807247,NA,NA,NA,144,131,0,500,36.0895562566632,0.25062191844905
1,2021-03-18 12:23:30,"Tsitika","Steph 3",687712.611,5577321.719,-0.189,-126.3631617,50.31807247,NA,NA,NA,149,137,0,520,37.5331385069298,0.25190025843577
1,2021-03-18 12:23:51,"Tsitika","Steph 3",687712.611,5577321.719,-0.189,-126.3631617,50.31807247,NA,NA,NA,146,138,0,550,39.6985118823296,0.271907615632394
1,2021-03-18 12:24:11,"Tsitika","Steph 3",687712.611,5577321.719,-0.189,-126.3631617,50.31807247,NA,NA,NA,145,117,0,420,30.3152272555971,0.209070532797221
1,2021-03-18 12:11:34,"Tsitika","Steph 4",688286.942,5577236.828,-0.189,-126.35514542,50.31712664,NA,NA,NA,143,125,0,580,41.8638852577294,0.292754442361744
1,2021-03-18 12:12:25,"Tsitika","Steph 4",688286.942,5577236.828,-0.189,-126.35514542,50.31712664,NA,NA,NA,145,120,0,550,39.6985118823296,0.27378284056779
1,2021-03-18 12:12:55,"Tsitika","Steph 4",688286.942,5577236.828,-0.189,-126.35514542,50.31712664,NA,NA,NA,146,132,0,540,38.9767207571963,0.266963840802714
1,2021-03-18 12:13:26,"Tsitika","Steph 4",688286.942,5577236.828,-0.189,-126.35514542,50.31712664,NA,NA,NA,150,131,0,550,39.6985118823296,0.264656745882197
1,2021-03-18 12:13:51,"Tsitika","Steph 4",688286.942,5577236.828,-0.189,-126.35514542,50.31712664,NA,NA,NA,149,129,0,530,38.254929632063,0.25674449417492
1,2021-03-18 12:14:10,"Tsitika","Steph 4",688286.942,5577236.828,-0.189,-126.35514542,50.31712664,NA,NA,NA,153,123,0,590,42.5856763828626,0.278337754136357
1,2021-03-18 12:14:40,"Tsitika","Steph 4",688286.942,5577236.828,-0.189,-126.35514542,50.31712664,NA,NA,NA,154,130,0,550,39.6985118823296,0.257782544690452
1,2021-03-18 12:14:59,"Tsitika","Steph 4",688286.942,5577236.828,-0.189,-126.35514542,50.31712664,NA,NA,NA,156,128,0,440,31.7588095058636,0.203582112217075
1,2021-03-18 12:16:29,"Tsitika","Steph 4",688286.942,5577236.828,-0.189,-126.35514542,50.31712664,NA,NA,NA,154,139,0,530,38.254929632063,0.248408633974435
1,2021-03-18 12:16:46,"Tsitika","Steph 4",688286.942,5577236.828,-0.189,-126.35514542,50.31712664,NA,NA,NA,155,125,2,570,41.1420941325961,0.26890257603004
1,2021-03-12 11:15:07,"Tsitika","Steph 6",688624.894,5577472.407,-0.189,-126.35028589,50.31913504,NA,NA,NA,142,122,2,570,41.1420941325961,0.293872100947115
1,2021-03-12 11:17:32,"Tsitika","Steph 6",688624.894,5577472.407,-0.189,-126.35028589,50.31913504,NA,NA,NA,137,115,0,510,36.8113473817965,0.268695966290485
1,2021-03-12 11:21:09,"Tsitika","Steph 6",688624.894,5577472.407,-0.189,-126.35028589,50.31913504,NA,NA,NA,137,115,0,510,36.8113473817965,0.268695966290485
1,2021-03-12 11:29:25,"Tsitika","Steph 6",688624.894,5577472.407,-0.189,-126.35028589,50.31913504,NA,NA,NA,136,109,0,470,33.9241828812634,0.249442521185761
1,2021-03-12 11:30:01,"Tsitika","Steph 6",688624.894,5577472.407,-0.189,-126.35028589,50.31913504,NA,NA,NA,134,119,0,500,36.0895562566632,0.269325046691517
1,2021-03-12 11:32:17,"Tsitika","Steph 6",688624.894,5577472.407,-0.189,-126.35028589,50.31913504,NA,NA,NA,136,112,0,450,32.4806006309969,0.238827945816154
1,2021-03-12 11:34:22,"Tsitika","Steph 6",688624.894,5577472.407,-0.189,-126.35028589,50.31913504,NA,NA,NA,134,115,0,430,31.0370183807304,0.231619540154704
1,2021-03-12 11:36:59,"Tsitika","Steph 6",688624.894,5577472.407,-0.189,-126.35028589,50.31913504,NA,NA,NA,132,105,0,510,36.8113473817965,0.278873843801489
1,2021-03-12 11:39:43,"Tsitika","Steph 6",688624.894,5577472.407,-0.189,-126.35028589,50.31913504,NA,NA,NA,111,101,0,360,25.9844805047975,0.23409441896214
1,2021-03-12 11:43:23,"Tsitika","Steph 6",688624.894,5577472.407,-0.189,-126.35028589,50.31913504,NA,NA,NA,123,105,0,490,35.36776513153,0.287542805947398
1,2021-03-12 10:25:04,"Tsitika","Steph 7",688074.298,5578217.58,-0.189,-126.35764025,50.32600558,NA,NA,NA,77,66,2,300,21.6537337539979,0.288716450053306
1,2021-03-12 10:31:54,"Tsitika","Steph 7",688074.298,5578217.58,-0.189,-126.35764025,50.32600558,NA,NA,NA,74,61,0,300,21.6537337539979,0.292618023702675
1,2021-03-12 10:35:32,"Tsitika","Steph 7",688074.298,5578217.58,-0.189,-126.35764025,50.32600558,NA,NA,NA,75,64,0,320,23.0973160042645,0.307964213390193
1,2021-03-12 10:37:22,"Tsitika","Steph 7",688074.298,5578217.58,-0.189,-126.35764025,50.32600558,NA,NA,NA,75,66,0,350,25.2626893796643,0.336835858395523
1,2021-03-12 10:41:57,"Tsitika","Steph 7",688074.298,5578217.58,-0.189,-126.35764025,50.32600558,NA,NA,NA,71,64,0,280,20.2101515037314,0.284650021179316
1,2021-03-12 10:45:18,"Tsitika","Steph 7",688074.298,5578217.58,-0.189,-126.35764025,50.32600558,NA,NA,NA,72,60,0,290,20.9319426288647,0.290721425400898
1,2021-03-12 10:47:38,"Tsitika","Steph 7",688074.298,5578217.58,-0.189,-126.35764025,50.32600558,NA,NA,NA,70,60,0,280,20.2101515037314,0.288716450053306
1,2021-03-12 10:51:44,"Tsitika","Steph 7",688074.298,5578217.58,-0.189,-126.35764025,50.32600558,NA,NA,NA,67,64,0,300,21.6537337539979,0.32319005602982
1,2021-03-12 10:52:16,"Tsitika","Steph 7",688074.298,5578217.58,-0.189,-126.35764025,50.32600558,NA,NA,NA,72,62,0,300,21.6537337539979,0.30074630213886
1,2021-03-12 10:53:55,"Tsitika","Steph 7",688074.298,5578217.58,-0.189,-126.35764025,50.32600558,NA,NA,NA,65,55,0,270,19.4883603785981,0.29982092890151
1,2021-03-12 09:45:36,"Tsitika","Steph 8",687511.525,5578973.505,-0.189,-126.36516229,50.33297615,NA,NA,NA,70,57,2,300,21.6537337539979,0.318437261088205
1,2021-03-12 09:45:53,"Tsitika","Steph 8",687511.525,5578973.505,-0.189,-126.36516229,50.33297615,NA,NA,NA,73,54,0,240,17.3229870031984,0.237301191824635
1,2021-03-12 09:49:32,"Tsitika","Steph 8",687511.525,5578973.505,-0.189,-126.36516229,50.33297615,NA,NA,NA,74,63,1,260,18.7665692534649,0.257076291143355
1,2021-03-12 09:50:29,"Tsitika","Steph 8",687511.525,5578973.505,-0.189,-126.36516229,50.33297615,NA,NA,NA,73,62,2,240,17.3229870031984,0.243985732439413
1,2021-03-12 09:53:13,"Tsitika","Steph 8",687511.525,5578973.505,-0.189,-126.36516229,50.33297615,NA,NA,NA,70,64,0,230,16.6011958780651,0.237159941115216
1,2021-03-12 09:57:30,"Tsitika","Steph 8",687511.525,5578973.505,-0.189,-126.36516229,50.33297615,NA,NA,NA,71,60,0.1,300,21.6537337539979,0.305412323751734
1,2021-03-12 10:02:18,"Tsitika","Steph 8",687511.525,5578973.505,-0.189,-126.36516229,50.33297615,NA,NA,NA,68,51,0,270,19.4883603785981,0.286593534979385
1,2021-03-12 10:03:36,"Tsitika","Steph 8",687511.525,5578973.505,-0.189,-126.36516229,50.33297615,NA,NA,NA,71,63,2,300,21.6537337539979,0.313822228318811
1,2021-03-12 10:05:08,"Tsitika","Steph 8",687511.525,5578973.505,-0.189,-126.36516229,50.33297615,NA,NA,NA,66,55,0.1,270,19.4883603785981,0.295726257641853
1,2021-03-12 10:08:33,"Tsitika","Steph 8",687511.525,5578973.505,-0.189,-126.36516229,50.33297615,NA,NA,NA,69,53,4,270,19.4883603785981,0.29982092890151
2,2021-04-08 11:40:00,"Tsitika","2101",687709.047,5576465.258,1244.479,-126.36363754,50.31037912,NA,"E",NA,318,NA,NA,NA,NA,NA
2,2021-04-08 11:42:00,"Tsitika","2101",687709.047,5576465.258,1244.479,-126.36363754,50.31037912,NA,"E",NA,280,NA,NA,NA,NA,NA
2,2021-04-08 11:45:00,"Tsitika","2101",687709.047,5576465.258,1244.479,-126.36363754,50.31037912,NA,"E",NA,280,NA,NA,NA,NA,NA
2,2021-04-08 11:51:00,"Tsitika","2101",687709.047,5576465.258,1244.479,-126.36363754,50.31037912,NA,"Centre",NA,345,269,11,1210,87.336726141125,0.261487204015344
2,2021-04-09 11:51:00,"Tsitika","2101",687709.047,5576465.258,1244.479,-126.36363754,50.31037912,NA,"S",NA,269,NA,NA,NA,NA,NA
2,2021-04-08 11:59:00,"Tsitika","2101",687709.047,5576465.258,1244.479,-126.36363754,50.31037912,NA,"S",NA,263,NA,NA,NA,NA,NA
2,2021-04-08 12:00:00,"Tsitika","2101",687709.047,5576465.258,1244.479,-126.36363754,50.31037912,NA,"S",NA,272,NA,NA,NA,NA,NA
2,2021-04-08 12:03:00,"Tsitika","2101",687709.047,5576465.258,1244.479,-126.36363754,50.31037912,NA,"W",NA,135,NA,NA,NA,NA,NA
2,2021-04-08 12:05:00,"Tsitika","2101",687709.047,5576465.258,1244.479,-126.36363754,50.31037912,NA,"W",NA,231,NA,NA,NA,NA,NA
2,2021-04-08 12:06:00,"Tsitika","2101",687709.047,5576465.258,1244.479,-126.36363754,50.31037912,NA,"W",NA,285,NA,NA,NA,NA,NA
2,2021-04-08 12:15:00,"Tsitika","2101",687709.047,5576465.258,1244.479,-126.36363754,50.31037912,NA,"E",NA,271,NA,NA,NA,NA,NA
2,2021-04-08 12:29:00,"Tsitika","2101",687709.047,5576465.258,1244.479,-126.36363754,50.31037912,NA,"N",NA,330,NA,NA,NA,NA,NA
2,2021-04-08 12:30:00,"Tsitika","2101",687709.047,5576465.258,1244.479,-126.36363754,50.31037912,NA,"N",NA,291,NA,NA,NA,NA,NA
2,2021-04-08 12:31:00,"Tsitika","2101",687709.047,5576465.258,1244.479,-126.36363754,50.31037912,NA,"N",NA,304,NA,NA,NA,NA,NA
2,2021-04-08 12:34:00,"Tsitika","2101",687709.047,5576465.258,1244.479,-126.36363754,50.31037912,NA,"N",NA,323,NA,NA,NA,NA,NA
2,2021-04-08 12:35:00,"Tsitika","2101",687709.047,5576465.258,1244.479,-126.36363754,50.31037912,NA,"W",NA,215,NA,NA,NA,NA,NA
2,2021-04-08 13:05:00,"Tsitika","2101",687709.047,5576465.258,1244.479,-126.36363754,50.31037912,NA,"S",NA,303,NA,NA,NA,NA,NA
2,2021-04-07 12:07:00,"Tsitika","2102",687780.589,5576288.816,1274.848,-126.3627216,50.30877118,NA,"Centre",NA,279,252,0,890,64.2394101368606,0.230248781852547
2,2021-04-07 12:07:00,"Tsitika","2102",687780.589,5576288.816,1274.848,-126.3627216,50.30877118,NA,"N",NA,280,255,0,950,68.5701568876601,0.244893417455929
2,2021-04-07 12:07:00,"Tsitika","2102",687780.589,5576288.816,1274.848,-126.3627216,50.30877118,NA,"N",NA,275,NA,NA,NA,NA,NA
2,2021-04-07 12:07:00,"Tsitika","2102",687780.589,5576288.816,1274.848,-126.3627216,50.30877118,NA,"N",NA,287,NA,NA,NA,NA,NA
2,2021-04-07 12:07:00,"Tsitika","2102",687780.589,5576288.816,1274.848,-126.3627216,50.30877118,NA,"N",NA,306,NA,NA,NA,NA,NA
2,2021-04-07 12:07:00,"Tsitika","2102",687780.589,5576288.816,1274.848,-126.3627216,50.30877118,NA,"E",NA,308,NA,NA,NA,NA,NA
2,2021-04-07 12:07:00,"Tsitika","2102",687780.589,5576288.816,1274.848,-126.3627216,50.30877118,NA,"E",NA,302,NA,NA,NA,NA,NA
2,2021-04-07 12:07:00,"Tsitika","2102",687780.589,5576288.816,1274.848,-126.3627216,50.30877118,NA,"E",NA,277,NA,NA,NA,NA,NA
2,2021-04-07 12:07:00,"Tsitika","2102",687780.589,5576288.816,1274.848,-126.3627216,50.30877118,NA,"E",NA,312,249,0,1010,72.9009036384597,0.233656742430961
2,2021-04-07 12:07:00,"Tsitika","2102",687780.589,5576288.816,1274.848,-126.3627216,50.30877118,NA,"S",NA,223,185,0,780,56.2997077603946,0.252465057221501
2,2021-04-07 12:07:00,"Tsitika","2102",687780.589,5576288.816,1274.848,-126.3627216,50.30877118,NA,"S",NA,277,NA,NA,NA,NA,NA
2,2021-04-07 12:07:00,"Tsitika","2102",687780.589,5576288.816,1274.848,-126.3627216,50.30877118,NA,"S",NA,267,NA,NA,NA,NA,NA
2,2021-04-07 12:07:00,"Tsitika","2102",687780.589,5576288.816,1274.848,-126.3627216,50.30877118,NA,"S",NA,290,NA,NA,NA,NA,NA
2,2021-04-07 12:07:00,"Tsitika","2102",687780.589,5576288.816,1274.848,-126.3627216,50.30877118,NA,"W",NA,281,258,0,980,70.7355302630599,0.25172786570484
2,2021-04-07 12:07:00,"Tsitika","2102",687780.589,5576288.816,1274.848,-126.3627216,50.30877118,NA,"W",NA,267,NA,NA,NA,NA,NA
2,2021-04-07 12:07:00,"Tsitika","2102",687780.589,5576288.816,1274.848,-126.3627216,50.30877118,NA,"W",NA,269,NA,NA,NA,NA,NA
2,2021-04-07 12:07:00,"Tsitika","2102",687780.589,5576288.816,1274.848,-126.3627216,50.30877118,NA,"W",NA,300,NA,NA,NA,NA,NA
2,2021-04-07 14:40:00,"Tsitika","2104",687792.846,5576225.132,1331.262,-126.36258132,50.30819514,NA,"Centre",NA,186,NA,NA,NA,NA,NA
2,2021-04-07 14:40:00,"Tsitika","2104",687792.846,5576225.132,1331.262,-126.36258132,50.30819514,NA,"S",NA,202,NA,NA,NA,NA,NA
2,2021-04-07 14:40:00,"Tsitika","2104",687792.846,5576225.132,1331.262,-126.36258132,50.30819514,NA,"S",NA,151,NA,NA,NA,NA,NA
2,2021-04-07 14:40:00,"Tsitika","2104",687792.846,5576225.132,1331.262,-126.36258132,50.30819514,NA,"S",NA,215,NA,NA,NA,NA,NA
2,2021-04-07 14:40:00,"Tsitika","2104",687792.846,5576225.132,1331.262,-126.36258132,50.30819514,NA,"S",NA,224,NA,NA,NA,NA,NA
2,2021-04-07 14:40:00,"Tsitika","2104",687792.846,5576225.132,1331.262,-126.36258132,50.30819514,NA,"W",NA,214,NA,NA,NA,NA,NA
2,2021-04-07 14:40:00,"Tsitika","2104",687792.846,5576225.132,1331.262,-126.36258132,50.30819514,NA,"W",NA,171,NA,NA,NA,NA,NA
2,2021-04-07 14:40:00,"Tsitika","2104",687792.846,5576225.132,1331.262,-126.36258132,50.30819514,NA,"W",NA,228,NA,NA,NA,NA,NA
2,2021-04-07 14:40:00,"Tsitika","2104",687792.846,5576225.132,1331.262,-126.36258132,50.30819514,NA,"W",NA,213,NA,NA,NA,NA,NA
2,2021-04-07 14:40:00,"Tsitika","2104",687792.846,5576225.132,1331.262,-126.36258132,50.30819514,NA,"E",NA,239,NA,NA,NA,NA,NA
2,2021-04-07 14:40:00,"Tsitika","2104",687792.846,5576225.132,1331.262,-126.36258132,50.30819514,NA,"E",NA,241,NA,NA,NA,NA,NA
2,2021-04-07 14:40:00,"Tsitika","2104",687792.846,5576225.132,1331.262,-126.36258132,50.30819514,NA,"E",NA,220,NA,NA,NA,NA,NA
2,2021-04-07 14:40:00,"Tsitika","2104",687792.846,5576225.132,1331.262,-126.36258132,50.30819514,NA,"E",NA,218,NA,NA,NA,NA,NA
2,2021-04-07 14:40:00,"Tsitika","2104",687792.846,5576225.132,1331.262,-126.36258132,50.30819514,NA,"N",NA,202,NA,NA,NA,NA,NA
2,2021-04-07 14:40:00,"Tsitika","2104",687792.846,5576225.132,1331.262,-126.36258132,50.30819514,NA,"N",NA,228,NA,NA,NA,NA,NA
2,2021-04-07 14:40:00,"Tsitika","2104",687792.846,5576225.132,1331.262,-126.36258132,50.30819514,NA,"N",NA,266,NA,NA,NA,NA,NA
2,2021-04-07 14:40:00,"Tsitika","2104",687792.846,5576225.132,1331.262,-126.36258132,50.30819514,NA,"N",NA,273,NA,NA,NA,NA,NA
2,2021-04-08 13:37:00,"Tsitika","2106",687843.532,5576192.942,1351.823,-126.36188628,50.3078898,NA,"W",NA,210,NA,NA,NA,NA,NA
2,2021-04-08 13:38:00,"Tsitika","2106",687843.532,5576192.942,1351.823,-126.36188628,50.3078898,NA,"W",NA,217,NA,NA,NA,NA,NA
2,2021-04-08 13:39:00,"Tsitika","2106",687843.532,5576192.942,1351.823,-126.36188628,50.3078898,NA,"W",NA,243,NA,NA,NA,NA,NA
2,2021-04-08 13:40:00,"Tsitika","2106",687843.532,5576192.942,1351.823,-126.36188628,50.3078898,NA,"W",NA,239,NA,NA,NA,NA,NA
2,2021-04-08 13:41:00,"Tsitika","2106",687843.532,5576192.942,1351.823,-126.36188628,50.3078898,NA,"S",NA,233,NA,NA,NA,NA,NA
2,2021-04-08 13:46:00,"Tsitika","2106",687843.532,5576192.942,1351.823,-126.36188628,50.3078898,NA,"S",NA,265,NA,NA,NA,NA,NA
2,2021-04-08 13:46:00,"Tsitika","2106",687843.532,5576192.942,1351.823,-126.36188628,50.3078898,NA,"S",NA,208,NA,NA,NA,NA,NA
2,2021-04-08 13:47:00,"Tsitika","2106",687843.532,5576192.942,1351.823,-126.36188628,50.3078898,NA,"S",NA,230,NA,NA,NA,NA,NA
2,2021-04-08 14:08:00,"Tsitika","2106",687843.532,5576192.942,1351.823,-126.36188628,50.3078898,NA,"Centre",NA,245,35,1,200,14.4358225026653,0.0591632069781364
2,2021-04-08 14:00:00,"Tsitika","2106",687843.532,5576192.942,1351.823,-126.36188628,50.3078898,NA,"Centre",NA,204,49,NA,NA,NA,NA
2,2021-04-08 13:53:00,"Tsitika","2106",687843.532,5576192.942,1351.823,-126.36188628,50.3078898,NA,"N",NA,239,NA,NA,NA,NA,NA
2,2021-04-08 13:55:00,"Tsitika","2106",687843.532,5576192.942,1351.823,-126.36188628,50.3078898,NA,"N",NA,221,NA,NA,NA,NA,NA
2,2021-04-08 13:56:00,"Tsitika","2106",687843.532,5576192.942,1351.823,-126.36188628,50.3078898,NA,"N",NA,240,NA,NA,NA,NA,NA
2,2021-04-08 13:57:00,"Tsitika","2106",687843.532,5576192.942,1351.823,-126.36188628,50.3078898,NA,"N",NA,230,NA,NA,NA,NA,NA
2,2021-04-08 14:07:00,"Tsitika","2106",687843.532,5576192.942,1351.823,-126.36188628,50.3078898,NA,"E",NA,238,NA,NA,NA,NA,NA
2,2021-04-08 14:09:00,"Tsitika","2106",687843.532,5576192.942,1351.823,-126.36188628,50.3078898,NA,"E",NA,244,NA,NA,NA,NA,NA
2,2021-04-08 14:10:00,"Tsitika","2106",687843.532,5576192.942,1351.823,-126.36188628,50.3078898,NA,"E",NA,206,NA,NA,NA,NA,NA
2,2021-04-08 14:11:00,"Tsitika","2106",687843.532,5576192.942,1351.823,-126.36188628,50.3078898,NA,"E",NA,224,NA,NA,NA,NA,NA
2,2021-04-07 10:35:00,"Tsitika","600",687639.213,5577179.617,1009.317,-126.36426222,50.31681918,NA,"Centre",NA,157,NA,NA,NA,NA,NA
2,2021-04-07 10:35:00,"Tsitika","600",687639.213,5577179.617,1009.317,-126.36426222,50.31681918,NA,"S",NA,210,NA,NA,NA,NA,NA
2,2021-04-07 11:30:00,"Tsitika","600",687639.213,5577179.617,1009.317,-126.36426222,50.31681918,NA,"S",NA,180,NA,NA,NA,NA,NA
2,2021-04-07 10:49:00,"Tsitika","600",687639.213,5577179.617,1009.317,-126.36426222,50.31681918,NA,"S",NA,179,NA,NA,NA,NA,NA
2,2021-04-07 10:51:00,"Tsitika","600",687639.213,5577179.617,1009.317,-126.36426222,50.31681918,NA,"S",NA,164,NA,NA,NA,NA,NA
2,2021-04-07 10:58:00,"Tsitika","600",687639.213,5577179.617,1009.317,-126.36426222,50.31681918,NA,"E",NA,180,NA,NA,NA,NA,NA
2,2021-04-07 10:58:00,"Tsitika","600",687639.213,5577179.617,1009.317,-126.36426222,50.31681918,NA,"E",NA,149,NA,NA,NA,NA,NA
2,2021-04-07 11:00:00,"Tsitika","600",687639.213,5577179.617,1009.317,-126.36426222,50.31681918,NA,"E",NA,151,NA,NA,NA,NA,NA
2,2021-04-07 11:04:00,"Tsitika","600",687639.213,5577179.617,1009.317,-126.36426222,50.31681918,NA,"E",NA,169,NA,NA,NA,NA,NA
2,2021-04-07 11:08:00,"Tsitika","600",687639.213,5577179.617,1009.317,-126.36426222,50.31681918,NA,"Centre",NA,154,94,0.1,520,37.5331385069298,0.243880042280245
2,2021-04-07 11:10:00,"Tsitika","600",687639.213,5577179.617,1009.317,-126.36426222,50.31681918,NA,"W",NA,169,NA,NA,NA,NA,NA
2,2021-04-07 11:11:00,"Tsitika","600",687639.213,5577179.617,1009.317,-126.36426222,50.31681918,NA,"W",NA,159,NA,NA,NA,NA,NA
2,2021-04-07 11:12:00,"Tsitika","600",687639.213,5577179.617,1009.317,-126.36426222,50.31681918,NA,"S",NA,171,110,1,480,34.6459740063967,0.203799847096451
2,2021-04-07 11:15:00,"Tsitika","600",687639.213,5577179.617,1009.317,-126.36426222,50.31681918,NA,"W",NA,181,NA,NA,NA,NA,NA
2,2021-04-07 11:16:00,"Tsitika","600",687639.213,5577179.617,1009.317,-126.36426222,50.31681918,NA,"W",NA,154,111,1,430,31.0370183807304,0.202856329285819
2,2021-04-07 11:21:00,"Tsitika","600",687639.213,5577179.617,1009.317,-126.36426222,50.31681918,NA,"W",NA,238,NA,NA,NA,NA,NA
2,2021-04-07 11:23:00,"Tsitika","600",687639.213,5577179.617,1009.317,-126.36426222,50.31681918,NA,"E",NA,168,130,0.1,630,45.4728408833957,0.270832881973768
2,2021-04-07 11:25:00,"Tsitika","600",687639.213,5577179.617,1009.317,-126.36426222,50.31681918,NA,"N",NA,201,NA,NA,NA,NA,NA
2,2021-04-07 11:28:00,"Tsitika","600",687639.213,5577179.617,1009.317,-126.36426222,50.31681918,NA,"N",NA,168,NA,NA,NA,NA,NA
2,2021-04-07 11:29:00,"Tsitika","600",687639.213,5577179.617,1009.317,-126.36426222,50.31681918,NA,"N",NA,88,59,4,200,14.4358225026653,0.171855029793634
2,2021-04-07 11:37:00,"Tsitika","600",687639.213,5577179.617,1009.317,-126.36426222,50.31681918,NA,"N",NA,93,60,5,350,25.2626893796643,0.287076015678003
2,2021-04-07 11:42:00,"Tsitika","600",687639.213,5577179.617,1009.317,-126.36426222,50.31681918,NA,"N",NA,45,NA,NA,NA,NA,NA
2,2021-04-07 20:02:00,"Tsitika","Cam r10",687674.002,5576345.924,1268.194,-126.36418849,50.30931818,NA,NA,NA,160,131,0,NA,NA,NA
2,2021-04-07 20:02:00,"Tsitika","Cam r10",687674.002,5576345.924,1268.194,-126.36418849,50.30931818,NA,NA,NA,172,138,0,NA,NA,NA
2,2021-04-07 20:02:00,"Tsitika","Cam r10",687674.002,5576345.924,1268.194,-126.36418849,50.30931818,NA,NA,NA,151,82,0,NA,NA,NA
2,2021-04-07 11:27:00,"Tsitika","Cam r2",687712.493,5576503.352,1210.591,-126.36357025,50.31072026,NA,NA,NA,256,214,4,1100,79.3970237646591,0.315067554621663
2,2021-04-07 11:27:00,"Tsitika","Cam r2",687712.493,5576503.352,1210.591,-126.36357025,50.31072026,NA,NA,NA,221,185,3,850,61.3522456363275,0.281432319432695
2,2021-04-07 11:27:00,"Tsitika","Cam r2",687712.493,5576503.352,1210.591,-126.36357025,50.31072026,NA,NA,NA,196,156,4,750,54.1343343849949,0.281949658255182
2,2021-04-06 12:27:45,"Tsitika","Steph 1",688227.694,5576005.444,-0.189,-126.35659057,50.30608283,NA,NA,NA,286,263,0,1090,78.6752326395258,0.275088226012328
2,2021-04-06 12:35:47,"Tsitika","Steph 1",688227.694,5576005.444,-0.189,-126.35659057,50.30608283,NA,NA,NA,229,212,0,870,62.795827886594,0.274217589024428
2,2021-04-06 12:50:32,"Tsitika","Steph 1",688227.694,5576005.444,-0.189,-126.35659057,50.30608283,NA,NA,NA,206,195,0,950,68.5701568876601,0.332864839260486
2,2021-04-06 12:51:40,"Tsitika","Steph 1",688227.694,5576005.444,-0.189,-126.35659057,50.30608283,NA,NA,NA,285,87,0,600,43.3074675079959,0.151956026343845
2,2021-04-06 12:54:38,"Tsitika","Steph 1",688227.694,5576005.444,-0.189,-126.35659057,50.30608283,NA,NA,NA,338,67,11,390,28.1498538801973,0.0860851800617655
2,2021-04-06 12:54:38,"Tsitika","Steph 1",688227.694,5576005.444,-0.189,-126.35659057,50.30608283,NA,NA,NA,338,349,11,1940,140.027478275853,0.428218587999552
2,2021-04-06 12:58:39,"Tsitika","Steph 1",688227.694,5576005.444,-0.189,-126.35659057,50.30608283,NA,NA,NA,314,228,0,1320,95.2764285175909,0.30342811629806
2,2021-04-06 13:10:30,"Tsitika","Steph 1",688227.694,5576005.444,-0.189,-126.35659057,50.30608283,NA,NA,NA,296,233,0,1300,93.8328462673244,0.317002859011231
2,2021-04-06 13:12:14,"Tsitika","Steph 1",688227.694,5576005.444,-0.189,-126.35659057,50.30608283,NA,NA,NA,278,249,1,1330,95.9982196427242,0.346563969829329
2,2021-04-06 13:19:16,"Tsitika","Steph 1",688227.694,5576005.444,-0.189,-126.35659057,50.30608283,NA,NA,NA,262,237,1,1250,90.2238906416581,0.345685404757311
2,2021-04-06 13:22:34,"Tsitika","Steph 1",688227.694,5576005.444,-0.189,-126.35659057,50.30608283,NA,NA,NA,246,208,0,1150,83.0059793903254,0.337422680448477
2,2021-04-06 13:24:20,"Tsitika","Steph 1",688227.694,5576005.444,-0.189,-126.35659057,50.30608283,NA,NA,NA,226,147,0,770,55.5779166352614,0.245919985111776
2,2021-04-06 13:28:09,"Tsitika","Steph 1",688227.694,5576005.444,-0.189,-126.35659057,50.30608283,NA,NA,NA,197,146,7,640,46.1946320085289,0.243129642150152
2,2021-04-06 20:31:34,"Tsitika","Steph 2",687654.618,5576688.533,-0.189,-126.36429017,50.31240236,NA,NA,NA,248,211,0,940,67.8483657625269,0.273582120010189
2,2021-04-06 20:32:06,"Tsitika","Steph 2",687654.618,5576688.533,-0.189,-126.36429017,50.31240236,NA,NA,NA,253,245,0,1080,77.9534415143926,0.308116369622105
2,2021-04-06 20:32:32,"Tsitika","Steph 2",687654.618,5576688.533,-0.189,-126.36429017,50.31240236,NA,NA,NA,254,217,0,900,64.9612012619938,0.255752760873991
2,2021-04-06 20:33:30,"Tsitika","Steph 2",687654.618,5576688.533,-0.189,-126.36429017,50.31240236,NA,NA,NA,254,212,0,950,68.5701568876601,0.269961247589213
2,2021-04-06 20:34:16,"Tsitika","Steph 2",687654.618,5576688.533,-0.189,-126.36429017,50.31240236,NA,NA,NA,250,228,0,950,68.5701568876601,0.274280627550641
2,2021-04-06 20:34:52,"Tsitika","Steph 2",687654.618,5576688.533,-0.189,-126.36429017,50.31240236,NA,NA,NA,250,207,0,910,65.6829923871271,0.262731969548508
2,2021-04-06 20:35:22,"Tsitika","Steph 2",687654.618,5576688.533,-0.189,-126.36429017,50.31240236,NA,NA,NA,252,237,0,930,67.1265746373936,0.266375296180133
2,2021-04-06 20:35:44,"Tsitika","Steph 2",687654.618,5576688.533,-0.189,-126.36429017,50.31240236,NA,NA,NA,253,223,0,960,69.2919480127934,0.273881217441871
2,2021-04-06 20:36:07,"Tsitika","Steph 2",687654.618,5576688.533,-0.189,-126.36429017,50.31240236,NA,NA,NA,251,232,0,1040,75.0662770138595,0.29906883272454
2,2021-04-06 20:36:36,"Tsitika","Steph 2",687654.618,5576688.533,-0.189,-126.36429017,50.31240236,NA,NA,NA,254,243,0,1100,79.3970237646591,0.312586707734878
2,2021-04-06 20:39:30,"Tsitika","Steph 3",687712.611,5577321.719,-0.189,-126.3631617,50.31807247,NA,NA,NA,134,101,0,490,35.36776513153,0.263938545757686
2,2021-04-06 20:40:24,"Tsitika","Steph 3",687712.611,5577321.719,-0.189,-126.3631617,50.31807247,NA,NA,NA,136,109,0,610,44.0292586331291,0.323744548773008
2,2021-04-06 20:40:48,"Tsitika","Steph 3",687712.611,5577321.719,-0.189,-126.3631617,50.31807247,NA,NA,NA,142,128,0,640,46.1946320085289,0.325314309919218
2,2021-04-06 20:41:16,"Tsitika","Steph 3",687712.611,5577321.719,-0.189,-126.3631617,50.31807247,NA,NA,NA,141,128,0,640,46.1946320085289,0.327621503606588
2,2021-04-06 20:41:37,"Tsitika","Steph 3",687712.611,5577321.719,-0.189,-126.3631617,50.31807247,NA,NA,NA,146,138,0,690,49.8035876341953,0.341120463247913
2,2021-04-06 20:42:10,"Tsitika","Steph 3",687712.611,5577321.719,-0.189,-126.3631617,50.31807247,NA,NA,NA,152,133,0,720,51.9689610095951,0.341901059273652
2,2021-04-06 20:42:27,"Tsitika","Steph 3",687712.611,5577321.719,-0.189,-126.3631617,50.31807247,NA,NA,NA,155,146,0,730,52.6907521347283,0.339940336353086
2,2021-04-06 20:42:44,"Tsitika","Steph 3",687712.611,5577321.719,-0.189,-126.3631617,50.31807247,NA,NA,NA,147,120,0,570,41.1420941325961,0.279878191378205
2,2021-04-06 20:43:14,"Tsitika","Steph 3",687712.611,5577321.719,-0.189,-126.3631617,50.31807247,NA,NA,NA,133,115,0,590,42.5856763828626,0.320193055510245
2,2021-04-06 20:43:36,"Tsitika","Steph 3",687712.611,5577321.719,-0.189,-126.3631617,50.31807247,NA,NA,NA,127,115,0,590,42.5856763828626,0.335320286479233
2,2021-04-07 12:38:53,"Tsitika","Steph 4",688286.942,5577236.828,-0.189,-126.35514542,50.31712664,NA,NA,NA,154,127,0,580,41.8638852577294,0.271843410764476
2,2021-04-07 12:41:47,"Tsitika","Steph 4",688286.942,5577236.828,-0.189,-126.35514542,50.31712664,NA,NA,NA,156,115,0,580,41.8638852577294,0.268358238831598
2,2021-04-07 12:44:50,"Tsitika","Steph 4",688286.942,5577236.828,-0.189,-126.35514542,50.31712664,NA,NA,NA,157,135,0,640,46.1946320085289,0.294233324895089
2,2021-04-07 12:47:28,"Tsitika","Steph 4",688286.942,5577236.828,-0.189,-126.35514542,50.31712664,NA,NA,NA,159,135,1,670,48.3600053839287,0.306075983442587
2,2021-04-07 12:51:22,"Tsitika","Steph 4",688286.942,5577236.828,-0.189,-126.35514542,50.31712664,NA,NA,NA,160,123,0,660,47.6382142587955,0.297738839117472
2,2021-04-07 12:54:36,"Tsitika","Steph 4",688286.942,5577236.828,-0.189,-126.35514542,50.31712664,NA,NA,NA,155,120,0,560,40.4203030074628,0.260776148435244
2,2021-04-07 12:58:13,"Tsitika","Steph 4",688286.942,5577236.828,-0.189,-126.35514542,50.31712664,NA,NA,NA,166,129,0.1,590,42.5856763828626,0.256694854628467
2,2021-04-07 13:01:05,"Tsitika","Steph 4",688286.942,5577236.828,-0.189,-126.35514542,50.31712664,NA,NA,NA,170,152,0,640,46.1946320085289,0.271733129461935
2,2021-04-07 13:02:52,"Tsitika","Steph 4",688286.942,5577236.828,-0.189,-126.35514542,50.31712664,NA,NA,NA,171,128,3,650,46.9164231336622,0.279264423414656
2,2021-04-07 13:05:55,"Tsitika","Steph 4",688286.942,5577236.828,-0.189,-126.35514542,50.31712664,NA,NA,NA,174,141,0.1,660,47.6382142587955,0.273940277508887
2,2021-04-06 15:51:13,"Tsitika","Steph 6",688624.894,5577472.407,-0.189,-126.35028589,50.31913504,NA,NA,NA,136,91,0.1,520,37.5331385069298,0.276182034635245
2,2021-04-06 15:55:07,"Tsitika","Steph 6",688624.894,5577472.407,-0.189,-126.35028589,50.31913504,NA,NA,NA,137,101,0,560,40.4203030074628,0.29503870808367
2,2021-04-06 15:57:07,"Tsitika","Steph 6",688624.894,5577472.407,-0.189,-126.35028589,50.31913504,NA,NA,NA,135,116,0.1,560,40.4203030074628,0.299631601241385
2,2021-04-06 15:58:37,"Tsitika","Steph 6",688624.894,5577472.407,-0.189,-126.35028589,50.31913504,NA,NA,NA,133,123,0,600,43.3074675079959,0.325620056451097
2,2021-04-06 16:00:33,"Tsitika","Steph 6",688624.894,5577472.407,-0.189,-126.35028589,50.31913504,NA,NA,NA,138,97,0,560,40.4203030074628,0.29290074643089
2,2021-04-06 16:02:49,"Tsitika","Steph 6",688624.894,5577472.407,-0.189,-126.35028589,50.31913504,NA,NA,NA,134,96,0,560,40.4203030074628,0.301644052294499
2,2021-04-06 16:06:12,"Tsitika","Steph 6",688624.894,5577472.407,-0.189,-126.35028589,50.31913504,NA,NA,NA,133,104,0,530,38.254929632063,0.287631049865136
2,2021-04-06 16:07:38,"Tsitika","Steph 6",688624.894,5577472.407,-0.189,-126.35028589,50.31913504,NA,NA,NA,129,108,0,480,34.6459740063967,0.268573441910052
2,2021-04-06 16:10:23,"Tsitika","Steph 6",688624.894,5577472.407,-0.189,-126.35028589,50.31913504,NA,NA,NA,126,101,0,470,33.9241828812634,0.269239546676694
2,2021-04-06 16:13:17,"Tsitika","Steph 6",688624.894,5577472.407,-0.189,-126.35028589,50.31913504,NA,NA,NA,128,102,0.1,550,39.6985118823296,0.310387114013523
2,2021-04-08 20:11:10,"Tsitika","Steph 7",688074.298,5578217.58,-0.189,-126.35764025,50.32600558,NA,NA,NA,64,41,0,320,23.0973160042645,0.360895562566632
2,2021-04-08 20:11:16,"Tsitika","Steph 7",688074.298,5578217.58,-0.189,-126.35764025,50.32600558,NA,NA,NA,66,44,0,310,22.3755248791312,0.339023104229261
2,2021-04-08 20:11:22,"Tsitika","Steph 7",688074.298,5578217.58,-0.189,-126.35764025,50.32600558,NA,NA,NA,64,45,0,320,23.0973160042645,0.360895562566632
2,2021-04-08 20:11:29,"Tsitika","Steph 7",688074.298,5578217.58,-0.189,-126.35764025,50.32600558,NA,NA,NA,62,42,0,280,20.2101515037314,0.325970185544055
2,2021-04-08 20:11:36,"Tsitika","Steph 7",688074.298,5578217.58,-0.189,-126.35764025,50.32600558,NA,NA,NA,68,52,0,360,25.9844805047975,0.382124713305846
2,2021-04-08 20:11:44,"Tsitika","Steph 7",688074.298,5578217.58,-0.189,-126.35764025,50.32600558,NA,NA,NA,67,46,0,300,21.6537337539979,0.32319005602982
2,2021-04-08 20:11:51,"Tsitika","Steph 7",688074.298,5578217.58,-0.189,-126.35764025,50.32600558,NA,NA,NA,65,45,0,320,23.0973160042645,0.35534332314253
2,2021-04-08 20:11:56,"Tsitika","Steph 7",688074.298,5578217.58,-0.189,-126.35764025,50.32600558,NA,NA,NA,68,50,0,350,25.2626893796643,0.371510137936239
2,2021-04-08 20:12:04,"Tsitika","Steph 7",688074.298,5578217.58,-0.189,-126.35764025,50.32600558,NA,NA,NA,68,47,0,310,22.3755248791312,0.329051836457812
2,2021-04-08 20:12:08,"Tsitika","Steph 7",688074.298,5578217.58,-0.189,-126.35764025,50.32600558,NA,NA,NA,68,53,0,360,25.9844805047975,0.382124713305846
2,2021-04-08 21:19:19,"Tsitika","Steph 8",687511.525,5578973.505,-0.189,-126.36516229,50.33297615,NA,NA,NA,57,40,0,310,22.3755248791312,0.392553068054933
2,2021-04-08 21:19:25,"Tsitika","Steph 8",687511.525,5578973.505,-0.189,-126.36516229,50.33297615,NA,NA,NA,64,43,0,300,21.6537337539979,0.338339589906218
2,2021-04-08 21:19:31,"Tsitika","Steph 8",687511.525,5578973.505,-0.189,-126.36516229,50.33297615,NA,NA,NA,65,49,0,360,25.9844805047975,0.399761238535347
2,2021-04-08 21:19:36,"Tsitika","Steph 8",687511.525,5578973.505,-0.189,-126.36516229,50.33297615,NA,NA,NA,61,33,0,290,20.9319426288647,0.343146600473191
2,2021-04-08 21:19:42,"Tsitika","Steph 8",687511.525,5578973.505,-0.189,-126.36516229,50.33297615,NA,NA,NA,63,49,0,360,25.9844805047975,0.412452071504723
2,2021-04-08 21:19:49,"Tsitika","Steph 8",687511.525,5578973.505,-0.189,-126.36516229,50.33297615,NA,NA,NA,63,47,0,300,21.6537337539979,0.343710059587269
2,2021-04-08 21:19:54,"Tsitika","Steph 8",687511.525,5578973.505,-0.189,-126.36516229,50.33297615,NA,NA,NA,65,48,0,350,25.2626893796643,0.388656759687143
2,2021-04-08 21:20:00,"Tsitika","Steph 8",687511.525,5578973.505,-0.189,-126.36516229,50.33297615,NA,NA,NA,66,53,0,380,27.4280627550641,0.415576708410062
2,2021-04-08 21:20:05,"Tsitika","Steph 8",687511.525,5578973.505,-0.189,-126.36516229,50.33297615,NA,NA,NA,67,55,0,270,19.4883603785981,0.290871050426838
2,2021-04-08 21:20:11,"Tsitika","Steph 8",687511.525,5578973.505,-0.189,-126.36516229,50.33297615,NA,NA,NA,66,40,0,280,20.2101515037314,0.306214416723203
